-- Adminer 4.8.0 MySQL 8.0.26-0ubuntu0.20.04.2 dump

SET NAMES utf8;
SET time_zone = '+00:00';
SET foreign_key_checks = 0;
SET sql_mode = 'NO_AUTO_VALUE_ON_ZERO';

SET NAMES utf8mb4;

DROP TABLE IF EXISTS `agents`;
CREATE TABLE `agents` (
  `id` bigint unsigned NOT NULL AUTO_INCREMENT,
  `user_id` bigint unsigned DEFAULT NULL,
  `company_id` bigint unsigned DEFAULT NULL,
  `position` varchar(50) CHARACTER SET utf8mb4 COLLATE utf8mb4_unicode_ci DEFAULT NULL,
  `created_by` bigint unsigned NOT NULL,
  `created_at` timestamp NULL DEFAULT NULL,
  `updated_at` timestamp NULL DEFAULT NULL,
  `deleted_at` timestamp NULL DEFAULT NULL,
  PRIMARY KEY (`id`),
  KEY `agents_company_id_foreign` (`company_id`),
  KEY `agents_user_id_foreign` (`user_id`),
  CONSTRAINT `agents_company_id_foreign` FOREIGN KEY (`company_id`) REFERENCES `companies` (`id`) ON DELETE RESTRICT ON UPDATE RESTRICT,
  CONSTRAINT `agents_user_id_foreign` FOREIGN KEY (`user_id`) REFERENCES `users` (`id`) ON DELETE RESTRICT ON UPDATE RESTRICT
) ENGINE=InnoDB DEFAULT CHARSET=utf8mb4 COLLATE=utf8mb4_unicode_ci;


DROP TABLE IF EXISTS `ancillary_services`;
CREATE TABLE `ancillary_services` (
  `id` bigint unsigned NOT NULL AUTO_INCREMENT,
  `company_id` bigint unsigned DEFAULT NULL,
  `type` tinyint NOT NULL,
  `price` decimal(10,2) NOT NULL DEFAULT '0.00',
  `premium` tinyint DEFAULT NULL,
  `basis` tinyint DEFAULT NULL,
  `add_ons` varchar(191) CHARACTER SET utf8mb4 COLLATE utf8mb4_unicode_ci DEFAULT NULL,
  `valued_inventory` decimal(10,2) NOT NULL DEFAULT '0.00',
  `boxes` bigint unsigned DEFAULT NULL,
  `large_boxes` bigint unsigned DEFAULT NULL,
  `small_boxes` bigint unsigned DEFAULT NULL,
  `paper` bigint unsigned DEFAULT NULL,
  `tape` bigint unsigned DEFAULT NULL,
  `pickup_toggle` tinyint DEFAULT NULL,
  `pickup_depot` tinyint DEFAULT NULL,
  `delivery_toggle` tinyint DEFAULT NULL,
  `delivery_depot` tinyint DEFAULT NULL,
  `car_rego` varchar(7) CHARACTER SET utf8mb4 COLLATE utf8mb4_unicode_ci DEFAULT NULL,
  `car_make` varchar(50) CHARACTER SET utf8mb4 COLLATE utf8mb4_unicode_ci DEFAULT NULL,
  `car_model` varchar(50) CHARACTER SET utf8mb4 COLLATE utf8mb4_unicode_ci DEFAULT NULL,
  `car_type` tinyint DEFAULT NULL,
  `cleaning_options` varchar(191) CHARACTER SET utf8mb4 COLLATE utf8mb4_unicode_ci DEFAULT NULL,
  `carpet_area` bigint unsigned DEFAULT NULL,
  `curtains` bigint unsigned DEFAULT NULL,
  `blinds` bigint unsigned DEFAULT NULL,
  `about` text CHARACTER SET utf8mb4 COLLATE utf8mb4_unicode_ci,
  `questions` text CHARACTER SET utf8mb4 COLLATE utf8mb4_unicode_ci,
  `created_by` bigint unsigned NOT NULL,
  `created_at` timestamp NULL DEFAULT NULL,
  `updated_at` timestamp NULL DEFAULT NULL,
  `deleted_at` timestamp NULL DEFAULT NULL,
  PRIMARY KEY (`id`)
) ENGINE=InnoDB DEFAULT CHARSET=utf8mb4 COLLATE=utf8mb4_unicode_ci;

INSERT INTO `ancillary_services` (`id`, `company_id`, `type`, `price`, `premium`, `basis`, `add_ons`, `valued_inventory`, `boxes`, `large_boxes`, `small_boxes`, `paper`, `tape`, `pickup_toggle`, `pickup_depot`, `delivery_toggle`, `delivery_depot`, `car_rego`, `car_make`, `car_model`, `car_type`, `cleaning_options`, `carpet_area`, `curtains`, `blinds`, `about`, `questions`, `created_by`, `created_at`, `updated_at`, `deleted_at`) VALUES
(1,	1,	21,	15.00,	27,	29,	'12',	1222.00,	NULL,	NULL,	NULL,	NULL,	NULL,	NULL,	NULL,	NULL,	NULL,	NULL,	NULL,	NULL,	NULL,	NULL,	NULL,	NULL,	NULL,	'Insurance',	'[\"Question 1\",\"Question 2\"]',	1,	'2021-04-07 05:20:10',	'2021-04-07 05:20:10',	NULL),
(2,	1,	24,	16.00,	NULL,	NULL,	NULL,	0.00,	12,	15,	12,	NULL,	12,	NULL,	NULL,	NULL,	NULL,	NULL,	NULL,	NULL,	NULL,	NULL,	NULL,	NULL,	NULL,	'Unpacking',	'[\"Unpacking question 1\",\"Unpacking question 2\",\"Unpacking question 3\"]',	1,	'2021-04-07 05:21:49',	'2021-04-07 05:21:49',	NULL);

DROP TABLE IF EXISTS `attachments`;
CREATE TABLE `attachments` (
  `id` bigint unsigned NOT NULL AUTO_INCREMENT,
  `user_id` bigint unsigned NOT NULL,
  `file_name` varchar(255) CHARACTER SET utf8mb4 COLLATE utf8mb4_unicode_ci NOT NULL,
  `original_name` varchar(255) CHARACTER SET utf8mb4 COLLATE utf8mb4_unicode_ci NOT NULL,
  `file_type` varchar(100) CHARACTER SET utf8mb4 COLLATE utf8mb4_unicode_ci NOT NULL,
  `file_size` bigint NOT NULL,
  `created_at` timestamp NULL DEFAULT NULL,
  `updated_at` timestamp NULL DEFAULT NULL,
  `deleted_at` timestamp NULL DEFAULT NULL,
  PRIMARY KEY (`id`)
) ENGINE=InnoDB DEFAULT CHARSET=utf8mb4 COLLATE=utf8mb4_unicode_ci;

INSERT INTO `attachments` (`id`, `user_id`, `file_name`, `original_name`, `file_type`, `file_size`, `created_at`, `updated_at`, `deleted_at`) VALUES
(1,	1,	'attachment/3Nj0mCT2BrPTENnotNiXsziVnfhlcblNtgvok2Nz.pdf',	'LAPTOP REPAIRING QUOTATION_1.pdf',	'application/pdf',	238845,	'2020-10-21 11:13:28',	'2020-10-21 11:14:03',	'2020-10-21 11:14:03'),
(2,	1,	'attachment/OYh6ar4keH9dJGftKP3yctMp0GvXgLOrApGUcFqr.pdf',	'VoIP-Report-2020-05-18 (1).pdf',	'application/pdf',	81865,	'2020-10-21 11:13:43',	'2020-10-21 11:14:22',	'2020-10-21 11:14:22'),
(3,	1,	'attachment/Z9dO1pj0BZa1SV7zTok1x2sLgF4e3T1jqUbeBBZl.pdf',	'LAPTOP REPAIRING QUOTATION_2.pdf',	'application/pdf',	84627,	'2020-10-21 11:13:47',	'2020-10-21 11:13:47',	NULL),
(4,	1,	'attachment/qLxhVFiQodhRsH4THRRuTzZTNGZICp4NgHoPmOi2.pdf',	'VoIP-Report-2020-01-15 (10).pdf',	'application/pdf',	136979,	'2020-10-21 11:13:50',	'2020-10-21 11:13:50',	NULL);

DROP TABLE IF EXISTS `companies`;
CREATE TABLE `companies` (
  `id` bigint unsigned NOT NULL AUTO_INCREMENT,
  `name` varchar(50) CHARACTER SET utf8mb4 COLLATE utf8mb4_unicode_ci NOT NULL,
  `email` varchar(50) CHARACTER SET utf8mb4 COLLATE utf8mb4_unicode_ci NOT NULL,
  `phone` varchar(50) CHARACTER SET utf8mb4 COLLATE utf8mb4_unicode_ci DEFAULT NULL,
  `hosted_phone` varchar(50) CHARACTER SET utf8mb4 COLLATE utf8mb4_unicode_ci DEFAULT NULL,
  `address` varchar(255) CHARACTER SET utf8mb4 COLLATE utf8mb4_unicode_ci DEFAULT NULL,
  `abn` varchar(50) CHARACTER SET utf8mb4 COLLATE utf8mb4_unicode_ci DEFAULT NULL,
  `about_us` mediumtext CHARACTER SET utf8mb4 COLLATE utf8mb4_unicode_ci,
  `summary` mediumtext CHARACTER SET utf8mb4 COLLATE utf8mb4_unicode_ci,
  `website` varchar(255) CHARACTER SET utf8mb4 COLLATE utf8mb4_unicode_ci DEFAULT NULL,
  `logo` varchar(255) CHARACTER SET utf8mb4 COLLATE utf8mb4_unicode_ci DEFAULT NULL,
  `public_liability` varchar(255) CHARACTER SET utf8mb4 COLLATE utf8mb4_unicode_ci DEFAULT NULL,
  `terms_conditions` varchar(255) CHARACTER SET utf8mb4 COLLATE utf8mb4_unicode_ci DEFAULT NULL,
  `stripe_id` varchar(50) CHARACTER SET utf8mb4 COLLATE utf8mb4_unicode_ci DEFAULT NULL,
  `stripe_auth_credentials` text CHARACTER SET utf8mb4 COLLATE utf8mb4_unicode_ci,
  `bank_number` varchar(50) CHARACTER SET utf8mb4 COLLATE utf8mb4_unicode_ci DEFAULT NULL,
  `bank_bsb` varchar(50) CHARACTER SET utf8mb4 COLLATE utf8mb4_unicode_ci DEFAULT NULL,
  `flag` tinyint NOT NULL DEFAULT '0',
  `onboarding_flag` tinyint NOT NULL DEFAULT '0',
  `created_by` bigint unsigned NOT NULL,
  `created_at` timestamp NULL DEFAULT NULL,
  `updated_at` timestamp NULL DEFAULT NULL,
  `deleted_at` timestamp NULL DEFAULT NULL,
  PRIMARY KEY (`id`),
  UNIQUE KEY `companies_email_unique` (`email`)
) ENGINE=InnoDB DEFAULT CHARSET=utf8mb4 COLLATE=utf8mb4_unicode_ci;

INSERT INTO `companies` (`id`, `name`, `email`, `phone`, `hosted_phone`, `address`, `abn`, `about_us`, `summary`, `website`, `logo`, `public_liability`, `terms_conditions`, `stripe_id`, `stripe_auth_credentials`, `bank_number`, `bank_bsb`, `flag`, `onboarding_flag`, `created_by`, `created_at`, `updated_at`, `deleted_at`) VALUES
(1,	'Cronin, Stamm and Jacobi',	'kenya.ortiz@example.net',	'+17499720587',	'925.940.1327 x3872',	'449 Carli Forest Suite 266Port Lilian, IN 46453-7762',	NULL,	'Aut eos velit quod dolorem. Eligendi sit quod sit. Eos ut minima vel amet distinctio.',	NULL,	'http://cummings.com/',	'logo/fVmMkTYYcbRu1qMPrgvqu5p6pOYMKQFuNlpfSkQb.jpeg',	'',	'',	'',	'',	'26686372',	'792911',	1,	0,	1,	'2020-08-06 00:44:38',	'2021-04-07 05:14:58',	NULL);

DROP TABLE IF EXISTS `configurations`;
CREATE TABLE `configurations` (
  `id` bigint unsigned NOT NULL AUTO_INCREMENT,
  `option_type` enum('dwelling_size','dwelling_type','move_stage','move_type','move_status','ancillary_type','ancillary_premium','ancillary_basis','ancillary_pickup_toggle','ancillary_delivery_toggle','ancillary_car_type') CHARACTER SET utf8mb4 COLLATE utf8mb4_unicode_ci NOT NULL,
  `option_value` varchar(191) CHARACTER SET utf8mb4 COLLATE utf8mb4_unicode_ci NOT NULL,
  `created_by` bigint unsigned NOT NULL,
  `created_at` timestamp NULL DEFAULT NULL,
  `updated_at` timestamp NULL DEFAULT NULL,
  `deleted_at` timestamp NULL DEFAULT NULL,
  PRIMARY KEY (`id`)
) ENGINE=InnoDB DEFAULT CHARSET=utf8mb4 COLLATE=utf8mb4_unicode_ci;

INSERT INTO `configurations` (`id`, `option_type`, `option_value`, `created_by`, `created_at`, `updated_at`, `deleted_at`) VALUES
(1,	'move_stage',	'Prospect',	1,	'2020-08-06 00:44:38',	'2020-08-06 00:44:38',	NULL),
(2,	'move_stage',	'Lead',	1,	'2020-08-06 00:44:38',	'2020-08-06 00:44:38',	NULL),
(3,	'move_stage',	'Job',	1,	'2020-08-06 00:44:38',	'2020-08-06 00:44:38',	NULL),
(4,	'move_type',	'Local',	1,	'2020-08-06 00:44:38',	'2020-08-06 00:44:38',	NULL),
(5,	'move_type',	'Interstate',	1,	'2020-08-06 00:44:38',	'2020-08-06 00:44:38',	NULL),
(6,	'move_type',	'Office',	1,	'2020-08-06 00:44:38',	'2020-08-06 00:44:38',	NULL),
(7,	'move_type',	'Commercial',	1,	'2020-08-06 00:44:38',	'2020-08-06 00:44:38',	NULL),
(8,	'move_status',	'Hot',	1,	'2020-08-06 00:44:38',	'2020-08-06 00:44:38',	NULL),
(9,	'move_status',	'Cold',	1,	'2020-08-06 00:44:38',	'2020-08-06 00:44:38',	NULL),
(10,	'move_status',	'Declined',	1,	'2020-08-06 00:44:38',	'2020-08-06 00:44:38',	NULL),
(11,	'move_status',	'Contacted',	1,	'2020-08-06 00:44:39',	'2020-08-06 00:44:39',	NULL),
(12,	'move_status',	'Pending',	1,	'2020-08-06 00:44:39',	'2020-08-06 00:44:39',	NULL),
(13,	'move_status',	'Accepted',	1,	'2020-08-06 00:44:39',	'2020-08-06 00:44:39',	NULL),
(14,	'move_status',	'Deposit Paid',	1,	'2020-08-06 00:44:39',	'2020-08-06 00:44:39',	NULL),
(15,	'move_status',	'Completed',	1,	'2020-08-06 00:44:39',	'2020-08-06 00:44:39',	NULL),
(16,	'dwelling_type',	'House',	1,	'2020-08-06 00:44:39',	'2020-08-06 00:44:39',	NULL),
(17,	'dwelling_type',	'Apartment',	1,	'2020-08-06 00:44:39',	'2020-08-06 00:44:39',	NULL),
(18,	'dwelling_type',	'Office',	1,	'2020-08-06 00:44:39',	'2020-08-06 00:44:39',	NULL),
(19,	'dwelling_size',	'3 Bed',	1,	'2020-08-06 00:44:39',	'2020-08-06 00:44:39',	NULL),
(20,	'dwelling_size',	'Studio',	1,	'2020-08-06 00:44:39',	'2020-08-06 00:44:39',	NULL),
(21,	'ancillary_type',	'Insurance',	1,	'2020-08-06 00:44:39',	'2020-08-06 00:44:39',	NULL),
(22,	'ancillary_type',	'Car Transport',	1,	'2020-08-06 00:44:39',	'2020-08-06 00:44:39',	NULL),
(23,	'ancillary_type',	'Packing',	1,	'2020-08-06 00:44:39',	'2020-08-06 00:44:39',	NULL),
(24,	'ancillary_type',	'Unpacking',	1,	'2020-08-06 00:44:39',	'2020-08-06 00:44:39',	NULL),
(25,	'ancillary_type',	'Cleaning',	1,	'2020-08-06 00:44:39',	'2020-08-06 00:44:39',	NULL),
(26,	'ancillary_type',	'Materials',	1,	'2020-08-06 00:44:39',	'2020-08-06 00:44:39',	NULL),
(27,	'ancillary_premium',	'$500',	1,	'2020-08-06 00:44:40',	'2020-08-06 00:44:40',	NULL),
(28,	'ancillary_premium',	'$1000',	1,	'2020-08-06 00:44:40',	'2020-08-06 00:44:40',	NULL),
(29,	'ancillary_basis',	'Replacement Value',	1,	'2020-08-06 00:44:40',	'2020-08-06 00:44:40',	NULL),
(30,	'ancillary_basis',	'Market Value',	1,	'2020-08-06 00:44:40',	'2020-08-06 00:44:40',	NULL),
(31,	'ancillary_pickup_toggle',	'Home Pickup',	1,	'2020-08-06 00:44:40',	'2020-08-06 00:44:40',	NULL),
(32,	'ancillary_pickup_toggle',	'Depot Dropof',	1,	'2020-08-06 00:44:40',	'2020-08-06 00:44:40',	NULL),
(33,	'ancillary_delivery_toggle',	'Home Delivery',	1,	'2020-08-06 00:44:40',	'2020-08-06 00:44:40',	NULL),
(34,	'ancillary_delivery_toggle',	'Depot Collection',	1,	'2020-08-06 00:44:40',	'2020-08-06 00:44:40',	NULL),
(35,	'ancillary_car_type',	'Sedan',	1,	'2020-08-06 00:44:40',	'2020-08-06 00:44:40',	NULL),
(36,	'ancillary_car_type',	'SUV',	1,	'2020-08-06 00:44:40',	'2020-08-06 00:44:40',	NULL),
(37,	'ancillary_car_type',	'Hatchback',	1,	'2020-08-06 00:44:40',	'2020-08-06 00:44:40',	NULL),
(38,	'ancillary_car_type',	'Coupe',	1,	'2020-08-06 00:44:40',	'2020-08-06 00:44:40',	NULL);

DROP TABLE IF EXISTS `customers`;
CREATE TABLE `customers` (
  `id` bigint unsigned NOT NULL AUTO_INCREMENT,
  `first_name` varchar(50) CHARACTER SET utf8mb4 COLLATE utf8mb4_unicode_ci NOT NULL,
  `last_name` varchar(50) CHARACTER SET utf8mb4 COLLATE utf8mb4_unicode_ci NOT NULL,
  `email` varchar(50) CHARACTER SET utf8mb4 COLLATE utf8mb4_unicode_ci NOT NULL,
  `phone` varchar(50) CHARACTER SET utf8mb4 COLLATE utf8mb4_unicode_ci NOT NULL,
  `stripe_id` varchar(50) CHARACTER SET utf8mb4 COLLATE utf8mb4_unicode_ci DEFAULT NULL,
  `metadata` text CHARACTER SET utf8mb4 COLLATE utf8mb4_unicode_ci,
  `created_at` timestamp NULL DEFAULT NULL,
  `updated_at` timestamp NULL DEFAULT NULL,
  `deleted_at` timestamp NULL DEFAULT NULL,
  PRIMARY KEY (`id`),
  UNIQUE KEY `customers_email_unique` (`email`)
) ENGINE=InnoDB DEFAULT CHARSET=utf8mb4 COLLATE=utf8mb4_unicode_ci;

INSERT INTO `customers` (`id`, `first_name`, `last_name`, `email`, `phone`, `stripe_id`, `metadata`, `created_at`, `updated_at`, `deleted_at`) VALUES
(1,	'bharat',	'sindha',	'sindha@gmail.com',	'9110283380',	'cus_Hci74xDhCJNbfa',	NULL,	'2020-08-06 01:42:52',	'2020-08-14 00:13:45',	NULL),
(2,	'bharat',	'sindha',	'sdadd@gmail.com',	'9114545452',	'cus_IFF1p8sMTphc78',	NULL,	'2020-10-21 11:22:04',	'2020-10-21 11:22:08',	NULL),
(3,	'vfdgdg',	'dfgdfgf',	'gdfgdfgdfg@dfs.sd',	'534535345',	'cus_IQcYrzEWhxalp5',	NULL,	'2020-11-20 20:24:27',	'2020-11-20 20:24:29',	NULL),
(4,	'bharat',	'sindha',	'test@gmail.com',	'9121212212',	'cus_Hi53Ueu4DooUdv',	NULL,	'2021-01-12 11:20:12',	'2021-01-12 11:20:15',	NULL),
(5,	'fsdf',	'sdfsf',	'sfsdfsf@dfsdf.sf',	'3423432424',	'cus_Ix6PDs3bprhwqa',	NULL,	'2021-02-15 13:23:37',	'2021-02-15 13:23:40',	NULL),
(6,	'Bharat',	'Sindha',	'sindhabharatsinh8@gmail.com',	'9110283380',	'cus_Hd4F3ZqJbdAI1q',	NULL,	'2021-04-07 05:12:37',	'2021-04-07 05:12:39',	NULL),
(7,	'dfs',	'sdfsfd',	'test@school.com',	'3422234234234',	'cus_Jvc86E9S8izqN0',	NULL,	'2021-04-07 05:17:51',	'2021-07-27 02:10:52',	NULL),
(8,	'Test',	'Test',	'test@muval.com',	'123456789',	'cus_JWCnA2AeyFqBqF',	NULL,	'2021-05-20 06:19:23',	'2021-05-20 06:19:24',	NULL),
(9,	'dff',	'sdfsdf',	'erwer@dfdf.df',	'4342343244',	'cus_Jkh2HVFIJEefqo',	NULL,	'2021-06-27 22:30:22',	'2021-06-27 22:30:24',	NULL),
(10,	'dad',	'kjkh',	'kkhkhhk@hkh.com',	'6878678678',	'cus_Jkhd03Delo43km',	NULL,	'2021-06-27 23:07:50',	'2021-06-27 23:07:52',	NULL);

DROP TABLE IF EXISTS `deals`;
CREATE TABLE `deals` (
  `id` bigint unsigned NOT NULL AUTO_INCREMENT,
  `company_id` bigint unsigned NOT NULL,
  `move_id` bigint unsigned NOT NULL,
  `total_price` decimal(10,2) NOT NULL,
  `deposit` decimal(10,2) NOT NULL,
  `fee` decimal(10,2) NOT NULL,
  `created_by` bigint unsigned NOT NULL,
  `created_at` timestamp NULL DEFAULT NULL,
  `updated_at` timestamp NULL DEFAULT NULL,
  `deleted_at` timestamp NULL DEFAULT NULL,
  PRIMARY KEY (`id`),
  KEY `deals_company_id_foreign` (`company_id`),
  KEY `deals_move_id_foreign` (`move_id`),
  CONSTRAINT `deals_company_id_foreign` FOREIGN KEY (`company_id`) REFERENCES `companies` (`id`) ON DELETE RESTRICT ON UPDATE RESTRICT,
  CONSTRAINT `deals_move_id_foreign` FOREIGN KEY (`move_id`) REFERENCES `moves` (`id`) ON DELETE RESTRICT ON UPDATE RESTRICT
) ENGINE=InnoDB DEFAULT CHARSET=utf8mb4 COLLATE=utf8mb4_unicode_ci;


DROP TABLE IF EXISTS `depots`;
CREATE TABLE `depots` (
  `id` bigint unsigned NOT NULL AUTO_INCREMENT,
  `company_id` bigint unsigned NOT NULL,
  `name` varchar(255) CHARACTER SET utf8mb4 COLLATE utf8mb4_unicode_ci NOT NULL,
  `addr` varchar(255) CHARACTER SET utf8mb4 COLLATE utf8mb4_unicode_ci NOT NULL,
  `lat` decimal(11,8) NOT NULL,
  `lng` decimal(11,8) NOT NULL,
  `city` varchar(50) CHARACTER SET utf8mb4 COLLATE utf8mb4_unicode_ci NOT NULL,
  `postcode` int unsigned DEFAULT NULL,
  `created_by` bigint unsigned NOT NULL,
  `created_at` timestamp NULL DEFAULT NULL,
  `updated_at` timestamp NULL DEFAULT NULL,
  `deleted_at` timestamp NULL DEFAULT NULL,
  PRIMARY KEY (`id`),
  KEY `depots_company_id_foreign` (`company_id`),
  CONSTRAINT `depots_company_id_foreign` FOREIGN KEY (`company_id`) REFERENCES `companies` (`id`) ON DELETE RESTRICT ON UPDATE RESTRICT
) ENGINE=InnoDB DEFAULT CHARSET=utf8mb4 COLLATE=utf8mb4_unicode_ci;

INSERT INTO `depots` (`id`, `company_id`, `name`, `addr`, `lat`, `lng`, `city`, `postcode`, `created_by`, `created_at`, `updated_at`, `deleted_at`) VALUES
(1,	1,	'depot 1',	'Sydney, New South Wales, Australia',	-33.86800000,	151.21000000,	'Sydney',	NULL,	2,	'2020-08-06 02:36:01',	'2020-08-06 02:36:01',	NULL);

DROP TABLE IF EXISTS `failed_jobs`;
CREATE TABLE `failed_jobs` (
  `id` bigint unsigned NOT NULL AUTO_INCREMENT,
  `connection` text CHARACTER SET utf8mb4 COLLATE utf8mb4_unicode_ci NOT NULL,
  `queue` text CHARACTER SET utf8mb4 COLLATE utf8mb4_unicode_ci NOT NULL,
  `payload` longtext CHARACTER SET utf8mb4 COLLATE utf8mb4_unicode_ci NOT NULL,
  `exception` longtext CHARACTER SET utf8mb4 COLLATE utf8mb4_unicode_ci NOT NULL,
  `failed_at` timestamp NOT NULL DEFAULT CURRENT_TIMESTAMP,
  PRIMARY KEY (`id`)
) ENGINE=InnoDB DEFAULT CHARSET=utf8mb4 COLLATE=utf8mb4_unicode_ci;


DROP TABLE IF EXISTS `interstate_configurations`;
CREATE TABLE `interstate_configurations` (
  `id` bigint unsigned NOT NULL AUTO_INCREMENT,
  `company_id` bigint unsigned NOT NULL,
  `min_price` decimal(10,2) NOT NULL,
  `stairs` decimal(10,2) NOT NULL,
  `elevator` decimal(10,2) NOT NULL,
  `long_driveway` decimal(10,2) NOT NULL,
  `ferry_vehicle` decimal(10,2) NOT NULL,
  `heavy_items` decimal(10,2) NOT NULL,
  `extra_kms` decimal(10,2) NOT NULL,
  `packing` decimal(10,2) NOT NULL,
  `storage` decimal(10,2) NOT NULL,
  `storage_toggle` tinyint NOT NULL DEFAULT '0',
  `free_storage_weeks` int NOT NULL DEFAULT '0',
  `storage_cost` decimal(10,2) DEFAULT NULL,
  `created_by` bigint unsigned NOT NULL,
  `created_at` timestamp NULL DEFAULT NULL,
  `updated_at` timestamp NULL DEFAULT NULL,
  `deleted_at` timestamp NULL DEFAULT NULL,
  PRIMARY KEY (`id`),
  KEY `interstate_configurations_company_id_foreign` (`company_id`),
  CONSTRAINT `interstate_configurations_company_id_foreign` FOREIGN KEY (`company_id`) REFERENCES `companies` (`id`) ON DELETE RESTRICT ON UPDATE RESTRICT
) ENGINE=InnoDB DEFAULT CHARSET=utf8mb4 COLLATE=utf8mb4_unicode_ci;

INSERT INTO `interstate_configurations` (`id`, `company_id`, `min_price`, `stairs`, `elevator`, `long_driveway`, `ferry_vehicle`, `heavy_items`, `extra_kms`, `packing`, `storage`, `storage_toggle`, `free_storage_weeks`, `storage_cost`, `created_by`, `created_at`, `updated_at`, `deleted_at`) VALUES
(1,	1,	1500.00,	1.00,	1.00,	1.00,	1.00,	1.00,	1.00,	1.00,	12222.00,	1,	1,	2.25,	2,	'2020-08-06 01:03:21',	'2020-08-06 01:03:21',	NULL);

DROP TABLE IF EXISTS `lane_tiered_prices`;
CREATE TABLE `lane_tiered_prices` (
  `id` bigint unsigned NOT NULL AUTO_INCREMENT,
  `lane_id` bigint unsigned DEFAULT NULL,
  `space_start_range` decimal(10,2) DEFAULT NULL,
  `space_end_range` decimal(10,2) DEFAULT NULL,
  `price` decimal(10,2) DEFAULT NULL,
  `price_type` enum('single','tiered') CHARACTER SET utf8mb4 COLLATE utf8mb4_unicode_ci DEFAULT NULL,
  `created_at` timestamp NULL DEFAULT NULL,
  `updated_at` timestamp NULL DEFAULT NULL,
  `deleted_at` timestamp NULL DEFAULT NULL,
  PRIMARY KEY (`id`)
) ENGINE=InnoDB DEFAULT CHARSET=utf8mb4 COLLATE=utf8mb4_unicode_ci;

INSERT INTO `lane_tiered_prices` (`id`, `lane_id`, `space_start_range`, `space_end_range`, `price`, `price_type`, `created_at`, `updated_at`, `deleted_at`) VALUES
(1,	1,	0.00,	5000.00,	150.00,	'single',	'2020-08-06 01:20:29',	'2020-08-06 01:20:29',	NULL),
(2,	2,	0.00,	5000.00,	300.00,	'single',	'2020-08-06 01:33:27',	'2020-08-06 01:33:27',	NULL),
(3,	3,	0.00,	5000.00,	200.00,	'single',	'2020-08-06 01:34:49',	'2020-08-06 01:34:49',	NULL),
(4,	14,	0.00,	5000.00,	123.00,	'single',	'2020-08-07 05:19:37',	'2020-08-07 05:19:37',	NULL);

DROP TABLE IF EXISTS `lanes`;
CREATE TABLE `lanes` (
  `id` bigint unsigned NOT NULL AUTO_INCREMENT,
  `company_id` bigint unsigned NOT NULL,
  `truck_id` bigint unsigned DEFAULT NULL,
  `parent_id` bigint unsigned DEFAULT NULL,
  `start_addr` varchar(255) CHARACTER SET utf8mb4 COLLATE utf8mb4_unicode_ci NOT NULL,
  `start_lat` decimal(11,8) NOT NULL,
  `start_lng` decimal(11,8) NOT NULL,
  `start_city` varchar(50) CHARACTER SET utf8mb4 COLLATE utf8mb4_unicode_ci NOT NULL,
  `start_postcode` int unsigned DEFAULT NULL,
  `start_date` date DEFAULT NULL,
  `end_addr` varchar(255) CHARACTER SET utf8mb4 COLLATE utf8mb4_unicode_ci NOT NULL,
  `end_lat` decimal(11,8) NOT NULL,
  `end_lng` decimal(11,8) NOT NULL,
  `end_city` varchar(50) CHARACTER SET utf8mb4 COLLATE utf8mb4_unicode_ci NOT NULL,
  `end_postcode` int unsigned DEFAULT NULL,
  `route` text CHARACTER SET utf8mb4 COLLATE utf8mb4_unicode_ci,
  `waypoint` text CHARACTER SET utf8mb4 COLLATE utf8mb4_unicode_ci,
  `transit_time` int unsigned DEFAULT NULL,
  `pickup_notice` int unsigned DEFAULT NULL,
  `discount` text CHARACTER SET utf8mb4 COLLATE utf8mb4_unicode_ci,
  `capacity` int unsigned DEFAULT NULL,
  `transport` tinyint NOT NULL,
  `created_by` bigint unsigned NOT NULL,
  `frequency` varchar(100) CHARACTER SET utf8mb4 COLLATE utf8mb4_unicode_ci DEFAULT NULL,
  `pickup_days` text CHARACTER SET utf8mb4 COLLATE utf8mb4_unicode_ci,
  `delivery_days` text CHARACTER SET utf8mb4 COLLATE utf8mb4_unicode_ci,
  `expiry_date` date DEFAULT NULL,
  `delivery_within` tinyint DEFAULT NULL,
  `mapbox_image` varchar(255) CHARACTER SET utf8mb4 COLLATE utf8mb4_unicode_ci DEFAULT NULL,
  `created_at` timestamp NULL DEFAULT NULL,
  `updated_at` timestamp NULL DEFAULT NULL,
  `deleted_at` timestamp NULL DEFAULT NULL,
  PRIMARY KEY (`id`),
  KEY `lanes_company_id_foreign` (`company_id`),
  CONSTRAINT `lanes_company_id_foreign` FOREIGN KEY (`company_id`) REFERENCES `companies` (`id`) ON DELETE RESTRICT ON UPDATE RESTRICT
) ENGINE=InnoDB DEFAULT CHARSET=utf8mb4 COLLATE=utf8mb4_unicode_ci;

INSERT INTO `lanes` (`id`, `company_id`, `truck_id`, `parent_id`, `start_addr`, `start_lat`, `start_lng`, `start_city`, `start_postcode`, `start_date`, `end_addr`, `end_lat`, `end_lng`, `end_city`, `end_postcode`, `route`, `waypoint`, `transit_time`, `pickup_notice`, `discount`, `capacity`, `transport`, `created_by`, `frequency`, `pickup_days`, `delivery_days`, `expiry_date`, `delivery_within`, `mapbox_image`, `created_at`, `updated_at`, `deleted_at`) VALUES
(1,	1,	1,	NULL,	'Sydney, New South Wales, Australia',	-33.86800000,	151.21000000,	'Sydney',	NULL,	NULL,	'Melbourne, Victoria, Australia',	-37.81420000,	144.96320000,	'Melbourne',	NULL,	'[[151.209839,-33.867985],[151.209671,-33.86908],[151.210434,-33.869186],[151.211594,-33.865093],[151.212524,-33.865715],[151.216034,-33.866779],[151.173523,-33.946087],[150.880646,-33.951336],[150.635529,-34.285671],[150.496841,-34.415813],[150.317841,-34.478249],[150.203384,-34.626492],[149.969666,-34.734344],[149.809738,-34.732201],[149.614212,-34.798767],[149.39711,-34.822933],[149.183472,-34.786469],[149.012558,-34.837311],[148.760956,-34.766411],[148.670029,-34.81979],[148.326202,-34.816196],[148.170395,-34.910172],[148.065201,-35.104698],[147.826492,-35.179493],[147.649658,-35.321911],[147.657623,-35.397316],[147.656036,-35.399418],[147.526001,-35.588772],[147.307404,-35.709126],[147.154221,-35.911602],[147.005783,-35.927849],[146.921051,-36.095444],[146.738708,-36.079681],[146.620773,-36.1576],[146.483994,-36.177055],[146.367599,-36.379978],[146.264389,-36.420631],[145.997574,-36.571266],[145.742966,-36.630703],[145.579071,-36.773674],[145.303238,-36.862911],[145.11969,-36.987659],[145.025726,-37.39082],[144.951294,-37.505249],[144.985779,-37.686211],[144.89679,-37.69915],[144.893402,-37.702003],[144.890839,-37.709702],[144.936737,-37.800289],[144.937134,-37.804825],[144.937592,-37.805336],[144.950012,-37.810066],[144.952316,-37.809258],[144.95575,-37.816307],[144.963058,-37.81419],[144.963226,-37.814198]]',	NULL,	2,	1,	NULL,	1200,	1,	2,	NULL,	'[\"monday\",\"tuesday\",\"wednesday\"]',	'[\"sunday\"]',	NULL,	NULL,	NULL,	'2020-08-06 01:20:29',	'2020-08-06 01:20:29',	NULL),
(2,	1,	1,	NULL,	'Melbourne, Victoria, Australia',	-37.81420000,	144.96320000,	'Port Melbourne Beach',	NULL,	NULL,	'Perth, Western Australia, Australia',	-31.95270000,	115.86050000,	'Perth',	NULL,	'[[144.963226,-37.814198],[144.963257,-37.814251],[144.958328,-37.815678],[144.955795,-37.816414],[144.963135,-37.828556],[144.96376,-37.829525],[144.963043,-37.828789],[144.942703,-37.825916],[144.936234,-37.825806],[144.826492,-37.825745],[144.81131,-37.82378],[144.799637,-37.800823],[142.950058,-37.285606],[142.949844,-37.285385],[142.204727,-36.723045],[142.204758,-36.722931],[142.204834,-36.711803],[142.04306,-36.443039],[141.650513,-36.333122],[141.237259,-36.378429],[141.237076,-36.378357],[140.41188,-36.145321],[139.331314,-35.149891],[138.644012,-34.96349],[138.619858,-34.882057],[138.617294,-34.847347],[138.600266,-34.848148],[138.593201,-34.764446],[138.592545,-34.764324],[138.5923,-34.764633],[138.577621,-34.736149],[138.57077,-34.711143],[138.153412,-34.185421],[138.224518,-33.562889],[137.92186,-32.636475],[137.753433,-32.480438],[137.569672,-32.61887],[136.326935,-33.227695],[135.556427,-33.137299],[134.528397,-32.404865],[133.678787,-32.121758],[133.678558,-32.121643],[133.673874,-32.121246],[133.40094,-31.941278],[132.258041,-31.825104],[131.957779,-31.549776],[131.365463,-31.358038],[130.625549,-31.551035],[126.926567,-31.892437],[125.943588,-32.039288],[125.487411,-32.269508],[123.861633,-32.465801],[122.804359,-32.011105],[121.77845,-32.185291],[121.486526,-31.25643],[121.175888,-30.954103],[120.538994,-31.187687],[119.340759,-31.227938],[117.842522,-31.62192],[116.671219,-31.618784],[116.028839,-31.894581],[116.025345,-31.898205],[116.014763,-31.916164],[115.904129,-31.958776],[115.904213,-31.959122],[115.880867,-31.947704],[115.877838,-31.947931],[115.872559,-31.949041],[115.87043,-31.950047],[115.869064,-31.949884],[115.863892,-31.947588],[115.861084,-31.952925]]',	NULL,	4,	3,	NULL,	1233,	1,	2,	NULL,	'[\"wednesday\",\"thursday\"]',	'null',	NULL,	NULL,	NULL,	'2020-08-06 01:33:26',	'2020-08-06 01:33:26',	NULL),
(3,	1,	1,	NULL,	'Sydney, New South Wales, Australia',	-33.86800000,	151.21000000,	'Sydney',	NULL,	NULL,	'Perth, Western Australia, Australia',	-31.95270000,	115.86050000,	'Perth',	NULL,	'[[151.209839,-33.867985],[151.209671,-33.86908],[151.210434,-33.869186],[151.211594,-33.865093],[151.212524,-33.865715],[151.216034,-33.866779],[151.173523,-33.946087],[150.880646,-33.951336],[150.203384,-34.626492],[149.614212,-34.798767],[148.327072,-34.815968],[147.803391,-35.216099],[147.791824,-35.218086],[147.420609,-35.125553],[147.420258,-35.125473],[147.391815,-35.122196],[147.391632,-35.122173],[147.381683,-35.120789],[147.381439,-35.120758],[147.345596,-35.115707],[147.345322,-35.115669],[146.747528,-34.996597],[146.54332,-34.762547],[145.62204,-34.481461],[144.84137,-34.520954],[144.840424,-34.520836],[143.961456,-34.727081],[143.567734,-34.643059],[142.745255,-34.574902],[142.744949,-34.575172],[142.181183,-34.171124],[142.181122,-34.171207],[142.169632,-34.187801],[142.169312,-34.187756],[142.16452,-34.183701],[142.136703,-34.206806],[142.136398,-34.207024],[140.745926,-34.175777],[140.74556,-34.175526],[140.745544,-34.175529],[140.624786,-34.243668],[140.52446,-34.235378],[139.672073,-34.029053],[138.898804,-33.618271],[138.606552,-33.501144],[138.607605,-33.499004],[138.591339,-33.465385],[138.433777,-33.464943],[138.430344,-33.445957],[138.206528,-33.355843],[138.210037,-33.352859],[138.184189,-33.326252],[137.855972,-32.542622],[137.569672,-32.61887],[136.326935,-33.227695],[135.556427,-33.137299],[134.528397,-32.404865],[133.678787,-32.121758],[133.678558,-32.121643],[133.673874,-32.121246],[133.40094,-31.941278],[132.258041,-31.825104],[131.957779,-31.549776],[131.365463,-31.358038],[130.625549,-31.551035],[126.926567,-31.892437],[125.943588,-32.039288],[125.487411,-32.269508],[123.861633,-32.465801],[122.804359,-32.011105],[121.77845,-32.185291],[121.486526,-31.25643],[121.175888,-30.954103],[120.538994,-31.187687],[119.340759,-31.227938],[117.842522,-31.62192],[116.671219,-31.618784],[116.028839,-31.894581],[116.025345,-31.898205],[116.014763,-31.916164],[115.904129,-31.958776],[115.904213,-31.959122],[115.880867,-31.947704],[115.877838,-31.947931],[115.872559,-31.949041],[115.87043,-31.950047],[115.869064,-31.949884],[115.863892,-31.947588],[115.861084,-31.952925]]',	NULL,	2,	1,	NULL,	1300,	1,	2,	NULL,	'[\"friday\",\"saturday\"]',	'[\"sunday\"]',	NULL,	NULL,	NULL,	'2020-08-06 01:34:49',	'2020-08-06 01:34:49',	NULL),
(4,	1,	1,	NULL,	'Melbourne, Victoria, Australia',	-37.81420000,	144.96320000,	'Melbourne',	NULL,	'2020-07-29',	'Sydney, New South Wales, Australia',	-33.86800000,	151.21000000,	'Sydney',	NULL,	'[[144.963226,-37.814198],[144.963257,-37.814251],[144.958328,-37.815678],[144.955795,-37.816414],[144.953873,-37.812527],[144.951538,-37.813206],[144.935837,-37.804878],[144.936401,-37.800972],[144.902679,-37.735588],[144.890594,-37.709785],[144.890015,-37.702419],[144.897064,-37.698414],[144.901108,-37.695293],[144.976639,-37.690235],[144.951035,-37.50444],[145.025192,-37.39119],[145.121155,-36.98605],[145.302017,-36.86298],[145.579468,-36.77309],[145.742767,-36.630379],[145.992722,-36.572781],[146.230453,-36.464043],[146.367783,-36.379337],[146.48436,-36.176548],[146.620239,-36.157433],[146.739365,-36.079037],[146.902237,-36.108139],[147.004684,-35.92765],[147.152664,-35.912178],[147.307205,-35.709034],[147.526093,-35.587791],[147.666168,-35.385067],[147.649506,-35.321621],[147.82637,-35.179176],[148.065109,-35.104427],[148.17067,-34.909389],[148.324234,-34.816776],[148.668839,-34.819576],[148.762009,-34.766151],[148.949768,-34.817913],[149.015991,-34.836983],[149.248489,-34.785019],[149.363022,-34.821552],[149.589691,-34.809498],[149.792297,-34.735218],[149.981247,-34.730301],[150.204132,-34.62561],[150.321701,-34.475391],[150.499619,-34.413414],[150.876404,-33.957447],[151.083511,-33.940746],[151.209549,-33.935009],[151.21843,-33.869652],[151.213303,-33.865887],[151.212463,-33.866112],[151.212402,-33.866562],[151.210037,-33.866238],[151.209839,-33.867985]]',	NULL,	1,	NULL,	NULL,	12,	1,	2,	'weekly',	'null',	'null',	'2021-02-17',	1,	NULL,	'2020-08-07 04:59:01',	'2020-08-07 04:59:01',	NULL),
(5,	1,	1,	NULL,	'Melbourne, Victoria, Australia',	-37.81420000,	144.96320000,	'Melbourne',	NULL,	'2020-07-29',	'Sydney, New South Wales, Australia',	-33.86800000,	151.21000000,	'Sydney',	NULL,	'[[144.963226,-37.814198],[144.963257,-37.814251],[144.958328,-37.815678],[144.955795,-37.816414],[144.953873,-37.812527],[144.951538,-37.813206],[144.935837,-37.804878],[144.936401,-37.800972],[144.902679,-37.735588],[144.890594,-37.709785],[144.890015,-37.702419],[144.897064,-37.698414],[144.901108,-37.695293],[144.976639,-37.690235],[144.951035,-37.50444],[145.025192,-37.39119],[145.121155,-36.98605],[145.302017,-36.86298],[145.579468,-36.77309],[145.742767,-36.630379],[145.992722,-36.572781],[146.230453,-36.464043],[146.367783,-36.379337],[146.48436,-36.176548],[146.620239,-36.157433],[146.739365,-36.079037],[146.902237,-36.108139],[147.004684,-35.92765],[147.152664,-35.912178],[147.307205,-35.709034],[147.526093,-35.587791],[147.666168,-35.385067],[147.649506,-35.321621],[147.82637,-35.179176],[148.065109,-35.104427],[148.17067,-34.909389],[148.324234,-34.816776],[148.668839,-34.819576],[148.762009,-34.766151],[148.949768,-34.817913],[149.015991,-34.836983],[149.248489,-34.785019],[149.363022,-34.821552],[149.589691,-34.809498],[149.792297,-34.735218],[149.981247,-34.730301],[150.204132,-34.62561],[150.321701,-34.475391],[150.499619,-34.413414],[150.876404,-33.957447],[151.083511,-33.940746],[151.209549,-33.935009],[151.21843,-33.869652],[151.213303,-33.865887],[151.212463,-33.866112],[151.212402,-33.866562],[151.210037,-33.866238],[151.209839,-33.867985]]',	NULL,	1,	NULL,	NULL,	12,	1,	2,	'weekly',	'null',	'null',	'2021-02-17',	1,	NULL,	'2020-08-07 05:00:07',	'2020-08-07 05:00:07',	NULL),
(7,	1,	1,	NULL,	'Melbourne, Victoria, Australia',	-37.81420000,	144.96320000,	'Melbourne',	NULL,	'2020-07-29',	'Sydney, New South Wales, Australia',	-33.86800000,	151.21000000,	'Sydney',	NULL,	'[[144.963226,-37.814198],[144.963257,-37.814251],[144.958328,-37.815678],[144.955795,-37.816414],[144.953873,-37.812527],[144.951538,-37.813206],[144.935837,-37.804878],[144.936401,-37.800972],[144.902679,-37.735588],[144.890594,-37.709785],[144.890015,-37.702419],[144.897064,-37.698414],[144.901108,-37.695293],[144.976639,-37.690235],[144.951035,-37.50444],[145.025192,-37.39119],[145.121155,-36.98605],[145.302017,-36.86298],[145.579468,-36.77309],[145.742767,-36.630379],[145.992722,-36.572781],[146.230453,-36.464043],[146.367783,-36.379337],[146.48436,-36.176548],[146.620239,-36.157433],[146.739365,-36.079037],[146.902237,-36.108139],[147.004684,-35.92765],[147.152664,-35.912178],[147.307205,-35.709034],[147.526093,-35.587791],[147.666168,-35.385067],[147.649506,-35.321621],[147.82637,-35.179176],[148.065109,-35.104427],[148.17067,-34.909389],[148.324234,-34.816776],[148.668839,-34.819576],[148.762009,-34.766151],[148.949768,-34.817913],[149.015991,-34.836983],[149.248489,-34.785019],[149.363022,-34.821552],[149.589691,-34.809498],[149.792297,-34.735218],[149.981247,-34.730301],[150.204132,-34.62561],[150.321701,-34.475391],[150.499619,-34.413414],[150.876404,-33.957447],[151.083511,-33.940746],[151.209549,-33.935009],[151.21843,-33.869652],[151.213303,-33.865887],[151.212463,-33.866112],[151.212402,-33.866562],[151.210037,-33.866238],[151.209839,-33.867985]]',	NULL,	23,	NULL,	NULL,	12,	1,	2,	'weekly',	'null',	'null',	'2021-03-04',	2,	NULL,	'2020-08-07 05:01:46',	'2020-08-07 05:01:46',	NULL),
(9,	1,	1,	NULL,	'Melbourne, Victoria, Australia',	-37.81420000,	144.96320000,	'Melbourne',	NULL,	'2020-07-29',	'Sydney, New South Wales, Australia',	-33.86800000,	151.21000000,	'Sydney',	NULL,	'[[144.963226,-37.814198],[144.963257,-37.814251],[144.958328,-37.815678],[144.955795,-37.816414],[144.953873,-37.812527],[144.951538,-37.813206],[144.935837,-37.804878],[144.936401,-37.800972],[144.902679,-37.735588],[144.890594,-37.709785],[144.890015,-37.702419],[144.897064,-37.698414],[144.901108,-37.695293],[144.976639,-37.690235],[144.951035,-37.50444],[145.025192,-37.39119],[145.121155,-36.98605],[145.302017,-36.86298],[145.579468,-36.77309],[145.742767,-36.630379],[145.992722,-36.572781],[146.230453,-36.464043],[146.367783,-36.379337],[146.48436,-36.176548],[146.620239,-36.157433],[146.739365,-36.079037],[146.902237,-36.108139],[147.004684,-35.92765],[147.152664,-35.912178],[147.307205,-35.709034],[147.526093,-35.587791],[147.666168,-35.385067],[147.649506,-35.321621],[147.82637,-35.179176],[148.065109,-35.104427],[148.17067,-34.909389],[148.324234,-34.816776],[148.668839,-34.819576],[148.762009,-34.766151],[148.949768,-34.817913],[149.015991,-34.836983],[149.248489,-34.785019],[149.363022,-34.821552],[149.589691,-34.809498],[149.792297,-34.735218],[149.981247,-34.730301],[150.204132,-34.62561],[150.321701,-34.475391],[150.499619,-34.413414],[150.876404,-33.957447],[151.083511,-33.940746],[151.209549,-33.935009],[151.21843,-33.869652],[151.213303,-33.865887],[151.212463,-33.866112],[151.212402,-33.866562],[151.210037,-33.866238],[151.209839,-33.867985]]',	NULL,	23,	NULL,	NULL,	12,	1,	2,	'weekly',	'null',	'null',	'2021-03-04',	2,	NULL,	'2020-08-07 05:05:13',	'2020-08-07 05:05:13',	NULL),
(10,	1,	1,	NULL,	'Melbourne, Victoria, Australia',	-37.81420000,	144.96320000,	'Melbourne',	NULL,	'2020-07-29',	'Sydney, New South Wales, Australia',	-33.86800000,	151.21000000,	'Sydney',	NULL,	'[[144.963226,-37.814198],[144.963257,-37.814251],[144.958328,-37.815678],[144.955795,-37.816414],[144.953873,-37.812527],[144.951538,-37.813206],[144.935837,-37.804878],[144.936401,-37.800972],[144.902679,-37.735588],[144.890594,-37.709785],[144.890015,-37.702419],[144.897064,-37.698414],[144.901108,-37.695293],[144.976639,-37.690235],[144.951035,-37.50444],[145.025192,-37.39119],[145.121155,-36.98605],[145.302017,-36.86298],[145.579468,-36.77309],[145.742767,-36.630379],[145.992722,-36.572781],[146.230453,-36.464043],[146.367783,-36.379337],[146.48436,-36.176548],[146.620239,-36.157433],[146.739365,-36.079037],[146.902237,-36.108139],[147.004684,-35.92765],[147.152664,-35.912178],[147.307205,-35.709034],[147.526093,-35.587791],[147.666168,-35.385067],[147.649506,-35.321621],[147.82637,-35.179176],[148.065109,-35.104427],[148.17067,-34.909389],[148.324234,-34.816776],[148.668839,-34.819576],[148.762009,-34.766151],[148.949768,-34.817913],[149.015991,-34.836983],[149.248489,-34.785019],[149.363022,-34.821552],[149.589691,-34.809498],[149.792297,-34.735218],[149.981247,-34.730301],[150.204132,-34.62561],[150.321701,-34.475391],[150.499619,-34.413414],[150.876404,-33.957447],[151.083511,-33.940746],[151.209549,-33.935009],[151.21843,-33.869652],[151.213303,-33.865887],[151.212463,-33.866112],[151.212402,-33.866562],[151.210037,-33.866238],[151.209839,-33.867985]]',	NULL,	23,	NULL,	NULL,	12,	1,	2,	'weekly',	'null',	'null',	'2021-03-04',	2,	NULL,	'2020-08-07 05:08:35',	'2020-08-07 05:08:35',	NULL),
(11,	1,	1,	NULL,	'Melbourne, Victoria, Australia',	-37.81420000,	144.96320000,	'Melbourne',	NULL,	'2020-07-29',	'Sydney, New South Wales, Australia',	-33.86800000,	151.21000000,	'Sydney',	NULL,	'[[144.963226,-37.814198],[144.963257,-37.814251],[144.958328,-37.815678],[144.955795,-37.816414],[144.953873,-37.812527],[144.951538,-37.813206],[144.935837,-37.804878],[144.936401,-37.800972],[144.902679,-37.735588],[144.890594,-37.709785],[144.890015,-37.702419],[144.897064,-37.698414],[144.901108,-37.695293],[144.976639,-37.690235],[144.951035,-37.50444],[145.025192,-37.39119],[145.121155,-36.98605],[145.302017,-36.86298],[145.579468,-36.77309],[145.742767,-36.630379],[145.992722,-36.572781],[146.230453,-36.464043],[146.367783,-36.379337],[146.48436,-36.176548],[146.620239,-36.157433],[146.739365,-36.079037],[146.902237,-36.108139],[147.004684,-35.92765],[147.152664,-35.912178],[147.307205,-35.709034],[147.526093,-35.587791],[147.666168,-35.385067],[147.649506,-35.321621],[147.82637,-35.179176],[148.065109,-35.104427],[148.17067,-34.909389],[148.324234,-34.816776],[148.668839,-34.819576],[148.762009,-34.766151],[148.949768,-34.817913],[149.015991,-34.836983],[149.248489,-34.785019],[149.363022,-34.821552],[149.589691,-34.809498],[149.792297,-34.735218],[149.981247,-34.730301],[150.204132,-34.62561],[150.321701,-34.475391],[150.499619,-34.413414],[150.876404,-33.957447],[151.083511,-33.940746],[151.209549,-33.935009],[151.21843,-33.869652],[151.213303,-33.865887],[151.212463,-33.866112],[151.212402,-33.866562],[151.210037,-33.866238],[151.209839,-33.867985]]',	NULL,	23,	NULL,	NULL,	12,	1,	2,	'weekly',	'null',	'null',	'2021-03-04',	2,	NULL,	'2020-08-07 05:08:53',	'2020-08-07 05:08:53',	NULL),
(12,	1,	1,	NULL,	'Melbourne, Victoria, Australia',	-37.81420000,	144.96320000,	'Melbourne',	NULL,	'2020-07-29',	'Sydney, New South Wales, Australia',	-33.86800000,	151.21000000,	'Sydney',	NULL,	'[[144.963226,-37.814198],[144.963257,-37.814251],[144.958328,-37.815678],[144.955795,-37.816414],[144.953873,-37.812527],[144.951538,-37.813206],[144.935837,-37.804878],[144.936401,-37.800972],[144.902679,-37.735588],[144.890594,-37.709785],[144.890015,-37.702419],[144.897064,-37.698414],[144.901108,-37.695293],[144.976639,-37.690235],[144.951035,-37.50444],[145.025192,-37.39119],[145.121155,-36.98605],[145.302017,-36.86298],[145.579468,-36.77309],[145.742767,-36.630379],[145.992722,-36.572781],[146.230453,-36.464043],[146.367783,-36.379337],[146.48436,-36.176548],[146.620239,-36.157433],[146.739365,-36.079037],[146.902237,-36.108139],[147.004684,-35.92765],[147.152664,-35.912178],[147.307205,-35.709034],[147.526093,-35.587791],[147.666168,-35.385067],[147.649506,-35.321621],[147.82637,-35.179176],[148.065109,-35.104427],[148.17067,-34.909389],[148.324234,-34.816776],[148.668839,-34.819576],[148.762009,-34.766151],[148.949768,-34.817913],[149.015991,-34.836983],[149.248489,-34.785019],[149.363022,-34.821552],[149.589691,-34.809498],[149.792297,-34.735218],[149.981247,-34.730301],[150.204132,-34.62561],[150.321701,-34.475391],[150.499619,-34.413414],[150.876404,-33.957447],[151.083511,-33.940746],[151.209549,-33.935009],[151.21843,-33.869652],[151.213303,-33.865887],[151.212463,-33.866112],[151.212402,-33.866562],[151.210037,-33.866238],[151.209839,-33.867985]]',	NULL,	23,	NULL,	NULL,	12,	1,	2,	'weekly',	'null',	'null',	'2021-03-04',	2,	NULL,	'2020-08-07 05:09:51',	'2020-08-07 05:09:51',	NULL),
(14,	1,	1,	NULL,	'Melbourne, Victoria, Australia',	-37.81420000,	144.96320000,	'Melbourne',	NULL,	'2020-07-29',	'Sydney, New South Wales, Australia',	-33.86800000,	151.21000000,	'Sydney',	NULL,	'[[144.963226,-37.814198],[144.963257,-37.814251],[144.958328,-37.815678],[144.955795,-37.816414],[144.953873,-37.812527],[144.951538,-37.813206],[144.935837,-37.804878],[144.936401,-37.800972],[144.902679,-37.735588],[144.890594,-37.709785],[144.890015,-37.702419],[144.897064,-37.698414],[144.901108,-37.695293],[144.976639,-37.690235],[144.951035,-37.50444],[145.025192,-37.39119],[145.121155,-36.98605],[145.302017,-36.86298],[145.579468,-36.77309],[145.742767,-36.630379],[145.992722,-36.572781],[146.230453,-36.464043],[146.367783,-36.379337],[146.48436,-36.176548],[146.620239,-36.157433],[146.739365,-36.079037],[146.902237,-36.108139],[147.004684,-35.92765],[147.152664,-35.912178],[147.307205,-35.709034],[147.526093,-35.587791],[147.666168,-35.385067],[147.649506,-35.321621],[147.82637,-35.179176],[148.065109,-35.104427],[148.17067,-34.909389],[148.324234,-34.816776],[148.668839,-34.819576],[148.762009,-34.766151],[148.949768,-34.817913],[149.015991,-34.836983],[149.248489,-34.785019],[149.363022,-34.821552],[149.589691,-34.809498],[149.792297,-34.735218],[149.981247,-34.730301],[150.204132,-34.62561],[150.321701,-34.475391],[150.499619,-34.413414],[150.876404,-33.957447],[151.083511,-33.940746],[151.209549,-33.935009],[151.21843,-33.869652],[151.213303,-33.865887],[151.212463,-33.866112],[151.212402,-33.866562],[151.210037,-33.866238],[151.209839,-33.867985]]',	NULL,	23,	NULL,	NULL,	12,	1,	2,	'weekly',	'null',	'null',	'2021-03-04',	2,	NULL,	'2020-08-07 05:19:35',	'2020-08-07 05:19:35',	NULL),
(15,	1,	1,	14,	'Melbourne, Victoria, Australia',	-37.81420000,	144.96320000,	'Melbourne',	NULL,	'2020-08-05',	'Sydney, New South Wales, Australia',	-33.86800000,	151.21000000,	'Sydney',	NULL,	'[[144.963226,-37.814198],[144.963257,-37.814251],[144.958328,-37.815678],[144.955795,-37.816414],[144.953873,-37.812527],[144.951538,-37.813206],[144.935837,-37.804878],[144.936401,-37.800972],[144.902679,-37.735588],[144.890594,-37.709785],[144.890015,-37.702419],[144.897064,-37.698414],[144.901108,-37.695293],[144.976639,-37.690235],[144.951035,-37.50444],[145.025192,-37.39119],[145.121155,-36.98605],[145.302017,-36.86298],[145.579468,-36.77309],[145.742767,-36.630379],[145.992722,-36.572781],[146.230453,-36.464043],[146.367783,-36.379337],[146.48436,-36.176548],[146.620239,-36.157433],[146.739365,-36.079037],[146.902237,-36.108139],[147.004684,-35.92765],[147.152664,-35.912178],[147.307205,-35.709034],[147.526093,-35.587791],[147.666168,-35.385067],[147.649506,-35.321621],[147.82637,-35.179176],[148.065109,-35.104427],[148.17067,-34.909389],[148.324234,-34.816776],[148.668839,-34.819576],[148.762009,-34.766151],[148.949768,-34.817913],[149.015991,-34.836983],[149.248489,-34.785019],[149.363022,-34.821552],[149.589691,-34.809498],[149.792297,-34.735218],[149.981247,-34.730301],[150.204132,-34.62561],[150.321701,-34.475391],[150.499619,-34.413414],[150.876404,-33.957447],[151.083511,-33.940746],[151.209549,-33.935009],[151.21843,-33.869652],[151.213303,-33.865887],[151.212463,-33.866112],[151.212402,-33.866562],[151.210037,-33.866238],[151.209839,-33.867985]]',	NULL,	23,	NULL,	NULL,	12,	1,	2,	'weekly',	NULL,	NULL,	'2021-03-04',	2,	NULL,	'2020-08-07 05:19:35',	'2020-08-07 05:19:35',	NULL),
(16,	1,	1,	14,	'Melbourne, Victoria, Australia',	-37.81420000,	144.96320000,	'Melbourne',	NULL,	'2020-08-12',	'Sydney, New South Wales, Australia',	-33.86800000,	151.21000000,	'Sydney',	NULL,	'[[144.963226,-37.814198],[144.963257,-37.814251],[144.958328,-37.815678],[144.955795,-37.816414],[144.953873,-37.812527],[144.951538,-37.813206],[144.935837,-37.804878],[144.936401,-37.800972],[144.902679,-37.735588],[144.890594,-37.709785],[144.890015,-37.702419],[144.897064,-37.698414],[144.901108,-37.695293],[144.976639,-37.690235],[144.951035,-37.50444],[145.025192,-37.39119],[145.121155,-36.98605],[145.302017,-36.86298],[145.579468,-36.77309],[145.742767,-36.630379],[145.992722,-36.572781],[146.230453,-36.464043],[146.367783,-36.379337],[146.48436,-36.176548],[146.620239,-36.157433],[146.739365,-36.079037],[146.902237,-36.108139],[147.004684,-35.92765],[147.152664,-35.912178],[147.307205,-35.709034],[147.526093,-35.587791],[147.666168,-35.385067],[147.649506,-35.321621],[147.82637,-35.179176],[148.065109,-35.104427],[148.17067,-34.909389],[148.324234,-34.816776],[148.668839,-34.819576],[148.762009,-34.766151],[148.949768,-34.817913],[149.015991,-34.836983],[149.248489,-34.785019],[149.363022,-34.821552],[149.589691,-34.809498],[149.792297,-34.735218],[149.981247,-34.730301],[150.204132,-34.62561],[150.321701,-34.475391],[150.499619,-34.413414],[150.876404,-33.957447],[151.083511,-33.940746],[151.209549,-33.935009],[151.21843,-33.869652],[151.213303,-33.865887],[151.212463,-33.866112],[151.212402,-33.866562],[151.210037,-33.866238],[151.209839,-33.867985]]',	NULL,	23,	NULL,	NULL,	12,	1,	2,	'weekly',	NULL,	NULL,	'2021-03-04',	2,	NULL,	'2020-08-07 05:19:35',	'2020-08-07 05:19:35',	NULL),
(17,	1,	1,	14,	'Melbourne, Victoria, Australia',	-37.81420000,	144.96320000,	'Melbourne',	NULL,	'2020-08-19',	'Sydney, New South Wales, Australia',	-33.86800000,	151.21000000,	'Sydney',	NULL,	'[[144.963226,-37.814198],[144.963257,-37.814251],[144.958328,-37.815678],[144.955795,-37.816414],[144.953873,-37.812527],[144.951538,-37.813206],[144.935837,-37.804878],[144.936401,-37.800972],[144.902679,-37.735588],[144.890594,-37.709785],[144.890015,-37.702419],[144.897064,-37.698414],[144.901108,-37.695293],[144.976639,-37.690235],[144.951035,-37.50444],[145.025192,-37.39119],[145.121155,-36.98605],[145.302017,-36.86298],[145.579468,-36.77309],[145.742767,-36.630379],[145.992722,-36.572781],[146.230453,-36.464043],[146.367783,-36.379337],[146.48436,-36.176548],[146.620239,-36.157433],[146.739365,-36.079037],[146.902237,-36.108139],[147.004684,-35.92765],[147.152664,-35.912178],[147.307205,-35.709034],[147.526093,-35.587791],[147.666168,-35.385067],[147.649506,-35.321621],[147.82637,-35.179176],[148.065109,-35.104427],[148.17067,-34.909389],[148.324234,-34.816776],[148.668839,-34.819576],[148.762009,-34.766151],[148.949768,-34.817913],[149.015991,-34.836983],[149.248489,-34.785019],[149.363022,-34.821552],[149.589691,-34.809498],[149.792297,-34.735218],[149.981247,-34.730301],[150.204132,-34.62561],[150.321701,-34.475391],[150.499619,-34.413414],[150.876404,-33.957447],[151.083511,-33.940746],[151.209549,-33.935009],[151.21843,-33.869652],[151.213303,-33.865887],[151.212463,-33.866112],[151.212402,-33.866562],[151.210037,-33.866238],[151.209839,-33.867985]]',	NULL,	23,	NULL,	NULL,	12,	1,	2,	'weekly',	NULL,	NULL,	'2021-03-04',	2,	NULL,	'2020-08-07 05:19:36',	'2020-08-07 05:19:36',	NULL),
(18,	1,	1,	14,	'Melbourne, Victoria, Australia',	-37.81420000,	144.96320000,	'Melbourne',	NULL,	'2020-08-26',	'Sydney, New South Wales, Australia',	-33.86800000,	151.21000000,	'Sydney',	NULL,	'[[144.963226,-37.814198],[144.963257,-37.814251],[144.958328,-37.815678],[144.955795,-37.816414],[144.953873,-37.812527],[144.951538,-37.813206],[144.935837,-37.804878],[144.936401,-37.800972],[144.902679,-37.735588],[144.890594,-37.709785],[144.890015,-37.702419],[144.897064,-37.698414],[144.901108,-37.695293],[144.976639,-37.690235],[144.951035,-37.50444],[145.025192,-37.39119],[145.121155,-36.98605],[145.302017,-36.86298],[145.579468,-36.77309],[145.742767,-36.630379],[145.992722,-36.572781],[146.230453,-36.464043],[146.367783,-36.379337],[146.48436,-36.176548],[146.620239,-36.157433],[146.739365,-36.079037],[146.902237,-36.108139],[147.004684,-35.92765],[147.152664,-35.912178],[147.307205,-35.709034],[147.526093,-35.587791],[147.666168,-35.385067],[147.649506,-35.321621],[147.82637,-35.179176],[148.065109,-35.104427],[148.17067,-34.909389],[148.324234,-34.816776],[148.668839,-34.819576],[148.762009,-34.766151],[148.949768,-34.817913],[149.015991,-34.836983],[149.248489,-34.785019],[149.363022,-34.821552],[149.589691,-34.809498],[149.792297,-34.735218],[149.981247,-34.730301],[150.204132,-34.62561],[150.321701,-34.475391],[150.499619,-34.413414],[150.876404,-33.957447],[151.083511,-33.940746],[151.209549,-33.935009],[151.21843,-33.869652],[151.213303,-33.865887],[151.212463,-33.866112],[151.212402,-33.866562],[151.210037,-33.866238],[151.209839,-33.867985]]',	NULL,	23,	NULL,	NULL,	12,	1,	2,	'weekly',	NULL,	NULL,	'2021-03-04',	2,	NULL,	'2020-08-07 05:19:36',	'2020-08-07 05:19:36',	NULL),
(19,	1,	1,	14,	'Melbourne, Victoria, Australia',	-37.81420000,	144.96320000,	'Melbourne',	NULL,	'2020-09-02',	'Sydney, New South Wales, Australia',	-33.86800000,	151.21000000,	'Sydney',	NULL,	'[[144.963226,-37.814198],[144.963257,-37.814251],[144.958328,-37.815678],[144.955795,-37.816414],[144.953873,-37.812527],[144.951538,-37.813206],[144.935837,-37.804878],[144.936401,-37.800972],[144.902679,-37.735588],[144.890594,-37.709785],[144.890015,-37.702419],[144.897064,-37.698414],[144.901108,-37.695293],[144.976639,-37.690235],[144.951035,-37.50444],[145.025192,-37.39119],[145.121155,-36.98605],[145.302017,-36.86298],[145.579468,-36.77309],[145.742767,-36.630379],[145.992722,-36.572781],[146.230453,-36.464043],[146.367783,-36.379337],[146.48436,-36.176548],[146.620239,-36.157433],[146.739365,-36.079037],[146.902237,-36.108139],[147.004684,-35.92765],[147.152664,-35.912178],[147.307205,-35.709034],[147.526093,-35.587791],[147.666168,-35.385067],[147.649506,-35.321621],[147.82637,-35.179176],[148.065109,-35.104427],[148.17067,-34.909389],[148.324234,-34.816776],[148.668839,-34.819576],[148.762009,-34.766151],[148.949768,-34.817913],[149.015991,-34.836983],[149.248489,-34.785019],[149.363022,-34.821552],[149.589691,-34.809498],[149.792297,-34.735218],[149.981247,-34.730301],[150.204132,-34.62561],[150.321701,-34.475391],[150.499619,-34.413414],[150.876404,-33.957447],[151.083511,-33.940746],[151.209549,-33.935009],[151.21843,-33.869652],[151.213303,-33.865887],[151.212463,-33.866112],[151.212402,-33.866562],[151.210037,-33.866238],[151.209839,-33.867985]]',	NULL,	23,	NULL,	NULL,	12,	1,	2,	'weekly',	NULL,	NULL,	'2021-03-04',	2,	NULL,	'2020-08-07 05:19:36',	'2020-08-07 05:19:36',	NULL),
(20,	1,	1,	14,	'Melbourne, Victoria, Australia',	-37.81420000,	144.96320000,	'Melbourne',	NULL,	'2020-09-09',	'Sydney, New South Wales, Australia',	-33.86800000,	151.21000000,	'Sydney',	NULL,	'[[144.963226,-37.814198],[144.963257,-37.814251],[144.958328,-37.815678],[144.955795,-37.816414],[144.953873,-37.812527],[144.951538,-37.813206],[144.935837,-37.804878],[144.936401,-37.800972],[144.902679,-37.735588],[144.890594,-37.709785],[144.890015,-37.702419],[144.897064,-37.698414],[144.901108,-37.695293],[144.976639,-37.690235],[144.951035,-37.50444],[145.025192,-37.39119],[145.121155,-36.98605],[145.302017,-36.86298],[145.579468,-36.77309],[145.742767,-36.630379],[145.992722,-36.572781],[146.230453,-36.464043],[146.367783,-36.379337],[146.48436,-36.176548],[146.620239,-36.157433],[146.739365,-36.079037],[146.902237,-36.108139],[147.004684,-35.92765],[147.152664,-35.912178],[147.307205,-35.709034],[147.526093,-35.587791],[147.666168,-35.385067],[147.649506,-35.321621],[147.82637,-35.179176],[148.065109,-35.104427],[148.17067,-34.909389],[148.324234,-34.816776],[148.668839,-34.819576],[148.762009,-34.766151],[148.949768,-34.817913],[149.015991,-34.836983],[149.248489,-34.785019],[149.363022,-34.821552],[149.589691,-34.809498],[149.792297,-34.735218],[149.981247,-34.730301],[150.204132,-34.62561],[150.321701,-34.475391],[150.499619,-34.413414],[150.876404,-33.957447],[151.083511,-33.940746],[151.209549,-33.935009],[151.21843,-33.869652],[151.213303,-33.865887],[151.212463,-33.866112],[151.212402,-33.866562],[151.210037,-33.866238],[151.209839,-33.867985]]',	NULL,	23,	NULL,	NULL,	12,	1,	2,	'weekly',	NULL,	NULL,	'2021-03-04',	2,	NULL,	'2020-08-07 05:19:36',	'2020-08-07 05:19:36',	NULL),
(21,	1,	1,	14,	'Melbourne, Victoria, Australia',	-37.81420000,	144.96320000,	'Melbourne',	NULL,	'2020-09-16',	'Sydney, New South Wales, Australia',	-33.86800000,	151.21000000,	'Sydney',	NULL,	'[[144.963226,-37.814198],[144.963257,-37.814251],[144.958328,-37.815678],[144.955795,-37.816414],[144.953873,-37.812527],[144.951538,-37.813206],[144.935837,-37.804878],[144.936401,-37.800972],[144.902679,-37.735588],[144.890594,-37.709785],[144.890015,-37.702419],[144.897064,-37.698414],[144.901108,-37.695293],[144.976639,-37.690235],[144.951035,-37.50444],[145.025192,-37.39119],[145.121155,-36.98605],[145.302017,-36.86298],[145.579468,-36.77309],[145.742767,-36.630379],[145.992722,-36.572781],[146.230453,-36.464043],[146.367783,-36.379337],[146.48436,-36.176548],[146.620239,-36.157433],[146.739365,-36.079037],[146.902237,-36.108139],[147.004684,-35.92765],[147.152664,-35.912178],[147.307205,-35.709034],[147.526093,-35.587791],[147.666168,-35.385067],[147.649506,-35.321621],[147.82637,-35.179176],[148.065109,-35.104427],[148.17067,-34.909389],[148.324234,-34.816776],[148.668839,-34.819576],[148.762009,-34.766151],[148.949768,-34.817913],[149.015991,-34.836983],[149.248489,-34.785019],[149.363022,-34.821552],[149.589691,-34.809498],[149.792297,-34.735218],[149.981247,-34.730301],[150.204132,-34.62561],[150.321701,-34.475391],[150.499619,-34.413414],[150.876404,-33.957447],[151.083511,-33.940746],[151.209549,-33.935009],[151.21843,-33.869652],[151.213303,-33.865887],[151.212463,-33.866112],[151.212402,-33.866562],[151.210037,-33.866238],[151.209839,-33.867985]]',	NULL,	23,	NULL,	NULL,	12,	1,	2,	'weekly',	NULL,	NULL,	'2021-03-04',	2,	NULL,	'2020-08-07 05:19:36',	'2020-08-07 05:19:36',	NULL),
(22,	1,	1,	14,	'Melbourne, Victoria, Australia',	-37.81420000,	144.96320000,	'Melbourne',	NULL,	'2020-09-23',	'Sydney, New South Wales, Australia',	-33.86800000,	151.21000000,	'Sydney',	NULL,	'[[144.963226,-37.814198],[144.963257,-37.814251],[144.958328,-37.815678],[144.955795,-37.816414],[144.953873,-37.812527],[144.951538,-37.813206],[144.935837,-37.804878],[144.936401,-37.800972],[144.902679,-37.735588],[144.890594,-37.709785],[144.890015,-37.702419],[144.897064,-37.698414],[144.901108,-37.695293],[144.976639,-37.690235],[144.951035,-37.50444],[145.025192,-37.39119],[145.121155,-36.98605],[145.302017,-36.86298],[145.579468,-36.77309],[145.742767,-36.630379],[145.992722,-36.572781],[146.230453,-36.464043],[146.367783,-36.379337],[146.48436,-36.176548],[146.620239,-36.157433],[146.739365,-36.079037],[146.902237,-36.108139],[147.004684,-35.92765],[147.152664,-35.912178],[147.307205,-35.709034],[147.526093,-35.587791],[147.666168,-35.385067],[147.649506,-35.321621],[147.82637,-35.179176],[148.065109,-35.104427],[148.17067,-34.909389],[148.324234,-34.816776],[148.668839,-34.819576],[148.762009,-34.766151],[148.949768,-34.817913],[149.015991,-34.836983],[149.248489,-34.785019],[149.363022,-34.821552],[149.589691,-34.809498],[149.792297,-34.735218],[149.981247,-34.730301],[150.204132,-34.62561],[150.321701,-34.475391],[150.499619,-34.413414],[150.876404,-33.957447],[151.083511,-33.940746],[151.209549,-33.935009],[151.21843,-33.869652],[151.213303,-33.865887],[151.212463,-33.866112],[151.212402,-33.866562],[151.210037,-33.866238],[151.209839,-33.867985]]',	NULL,	23,	NULL,	NULL,	12,	1,	2,	'weekly',	NULL,	NULL,	'2021-03-04',	2,	NULL,	'2020-08-07 05:19:36',	'2020-08-07 05:19:36',	NULL),
(23,	1,	1,	14,	'Melbourne, Victoria, Australia',	-37.81420000,	144.96320000,	'Melbourne',	NULL,	'2020-09-30',	'Sydney, New South Wales, Australia',	-33.86800000,	151.21000000,	'Sydney',	NULL,	'[[144.963226,-37.814198],[144.963257,-37.814251],[144.958328,-37.815678],[144.955795,-37.816414],[144.953873,-37.812527],[144.951538,-37.813206],[144.935837,-37.804878],[144.936401,-37.800972],[144.902679,-37.735588],[144.890594,-37.709785],[144.890015,-37.702419],[144.897064,-37.698414],[144.901108,-37.695293],[144.976639,-37.690235],[144.951035,-37.50444],[145.025192,-37.39119],[145.121155,-36.98605],[145.302017,-36.86298],[145.579468,-36.77309],[145.742767,-36.630379],[145.992722,-36.572781],[146.230453,-36.464043],[146.367783,-36.379337],[146.48436,-36.176548],[146.620239,-36.157433],[146.739365,-36.079037],[146.902237,-36.108139],[147.004684,-35.92765],[147.152664,-35.912178],[147.307205,-35.709034],[147.526093,-35.587791],[147.666168,-35.385067],[147.649506,-35.321621],[147.82637,-35.179176],[148.065109,-35.104427],[148.17067,-34.909389],[148.324234,-34.816776],[148.668839,-34.819576],[148.762009,-34.766151],[148.949768,-34.817913],[149.015991,-34.836983],[149.248489,-34.785019],[149.363022,-34.821552],[149.589691,-34.809498],[149.792297,-34.735218],[149.981247,-34.730301],[150.204132,-34.62561],[150.321701,-34.475391],[150.499619,-34.413414],[150.876404,-33.957447],[151.083511,-33.940746],[151.209549,-33.935009],[151.21843,-33.869652],[151.213303,-33.865887],[151.212463,-33.866112],[151.212402,-33.866562],[151.210037,-33.866238],[151.209839,-33.867985]]',	NULL,	23,	NULL,	NULL,	12,	1,	2,	'weekly',	NULL,	NULL,	'2021-03-04',	2,	NULL,	'2020-08-07 05:19:36',	'2020-08-07 05:19:36',	NULL),
(24,	1,	1,	14,	'Melbourne, Victoria, Australia',	-37.81420000,	144.96320000,	'Melbourne',	NULL,	'2020-10-07',	'Sydney, New South Wales, Australia',	-33.86800000,	151.21000000,	'Sydney',	NULL,	'[[144.963226,-37.814198],[144.963257,-37.814251],[144.958328,-37.815678],[144.955795,-37.816414],[144.953873,-37.812527],[144.951538,-37.813206],[144.935837,-37.804878],[144.936401,-37.800972],[144.902679,-37.735588],[144.890594,-37.709785],[144.890015,-37.702419],[144.897064,-37.698414],[144.901108,-37.695293],[144.976639,-37.690235],[144.951035,-37.50444],[145.025192,-37.39119],[145.121155,-36.98605],[145.302017,-36.86298],[145.579468,-36.77309],[145.742767,-36.630379],[145.992722,-36.572781],[146.230453,-36.464043],[146.367783,-36.379337],[146.48436,-36.176548],[146.620239,-36.157433],[146.739365,-36.079037],[146.902237,-36.108139],[147.004684,-35.92765],[147.152664,-35.912178],[147.307205,-35.709034],[147.526093,-35.587791],[147.666168,-35.385067],[147.649506,-35.321621],[147.82637,-35.179176],[148.065109,-35.104427],[148.17067,-34.909389],[148.324234,-34.816776],[148.668839,-34.819576],[148.762009,-34.766151],[148.949768,-34.817913],[149.015991,-34.836983],[149.248489,-34.785019],[149.363022,-34.821552],[149.589691,-34.809498],[149.792297,-34.735218],[149.981247,-34.730301],[150.204132,-34.62561],[150.321701,-34.475391],[150.499619,-34.413414],[150.876404,-33.957447],[151.083511,-33.940746],[151.209549,-33.935009],[151.21843,-33.869652],[151.213303,-33.865887],[151.212463,-33.866112],[151.212402,-33.866562],[151.210037,-33.866238],[151.209839,-33.867985]]',	NULL,	23,	NULL,	NULL,	12,	1,	2,	'weekly',	NULL,	NULL,	'2021-03-04',	2,	NULL,	'2020-08-07 05:19:36',	'2020-08-07 05:19:36',	NULL),
(25,	1,	1,	14,	'Melbourne, Victoria, Australia',	-37.81420000,	144.96320000,	'Melbourne',	NULL,	'2020-10-14',	'Sydney, New South Wales, Australia',	-33.86800000,	151.21000000,	'Sydney',	NULL,	'[[144.963226,-37.814198],[144.963257,-37.814251],[144.958328,-37.815678],[144.955795,-37.816414],[144.953873,-37.812527],[144.951538,-37.813206],[144.935837,-37.804878],[144.936401,-37.800972],[144.902679,-37.735588],[144.890594,-37.709785],[144.890015,-37.702419],[144.897064,-37.698414],[144.901108,-37.695293],[144.976639,-37.690235],[144.951035,-37.50444],[145.025192,-37.39119],[145.121155,-36.98605],[145.302017,-36.86298],[145.579468,-36.77309],[145.742767,-36.630379],[145.992722,-36.572781],[146.230453,-36.464043],[146.367783,-36.379337],[146.48436,-36.176548],[146.620239,-36.157433],[146.739365,-36.079037],[146.902237,-36.108139],[147.004684,-35.92765],[147.152664,-35.912178],[147.307205,-35.709034],[147.526093,-35.587791],[147.666168,-35.385067],[147.649506,-35.321621],[147.82637,-35.179176],[148.065109,-35.104427],[148.17067,-34.909389],[148.324234,-34.816776],[148.668839,-34.819576],[148.762009,-34.766151],[148.949768,-34.817913],[149.015991,-34.836983],[149.248489,-34.785019],[149.363022,-34.821552],[149.589691,-34.809498],[149.792297,-34.735218],[149.981247,-34.730301],[150.204132,-34.62561],[150.321701,-34.475391],[150.499619,-34.413414],[150.876404,-33.957447],[151.083511,-33.940746],[151.209549,-33.935009],[151.21843,-33.869652],[151.213303,-33.865887],[151.212463,-33.866112],[151.212402,-33.866562],[151.210037,-33.866238],[151.209839,-33.867985]]',	NULL,	23,	NULL,	NULL,	12,	1,	2,	'weekly',	NULL,	NULL,	'2021-03-04',	2,	NULL,	'2020-08-07 05:19:36',	'2020-08-07 05:19:36',	NULL),
(26,	1,	1,	14,	'Melbourne, Victoria, Australia',	-37.81420000,	144.96320000,	'Melbourne',	NULL,	'2020-10-21',	'Sydney, New South Wales, Australia',	-33.86800000,	151.21000000,	'Sydney',	NULL,	'[[144.963226,-37.814198],[144.963257,-37.814251],[144.958328,-37.815678],[144.955795,-37.816414],[144.953873,-37.812527],[144.951538,-37.813206],[144.935837,-37.804878],[144.936401,-37.800972],[144.902679,-37.735588],[144.890594,-37.709785],[144.890015,-37.702419],[144.897064,-37.698414],[144.901108,-37.695293],[144.976639,-37.690235],[144.951035,-37.50444],[145.025192,-37.39119],[145.121155,-36.98605],[145.302017,-36.86298],[145.579468,-36.77309],[145.742767,-36.630379],[145.992722,-36.572781],[146.230453,-36.464043],[146.367783,-36.379337],[146.48436,-36.176548],[146.620239,-36.157433],[146.739365,-36.079037],[146.902237,-36.108139],[147.004684,-35.92765],[147.152664,-35.912178],[147.307205,-35.709034],[147.526093,-35.587791],[147.666168,-35.385067],[147.649506,-35.321621],[147.82637,-35.179176],[148.065109,-35.104427],[148.17067,-34.909389],[148.324234,-34.816776],[148.668839,-34.819576],[148.762009,-34.766151],[148.949768,-34.817913],[149.015991,-34.836983],[149.248489,-34.785019],[149.363022,-34.821552],[149.589691,-34.809498],[149.792297,-34.735218],[149.981247,-34.730301],[150.204132,-34.62561],[150.321701,-34.475391],[150.499619,-34.413414],[150.876404,-33.957447],[151.083511,-33.940746],[151.209549,-33.935009],[151.21843,-33.869652],[151.213303,-33.865887],[151.212463,-33.866112],[151.212402,-33.866562],[151.210037,-33.866238],[151.209839,-33.867985]]',	NULL,	23,	NULL,	NULL,	12,	1,	2,	'weekly',	NULL,	NULL,	'2021-03-04',	2,	NULL,	'2020-08-07 05:19:36',	'2020-08-07 05:19:36',	NULL),
(27,	1,	1,	14,	'Melbourne, Victoria, Australia',	-37.81420000,	144.96320000,	'Melbourne',	NULL,	'2020-10-28',	'Sydney, New South Wales, Australia',	-33.86800000,	151.21000000,	'Sydney',	NULL,	'[[144.963226,-37.814198],[144.963257,-37.814251],[144.958328,-37.815678],[144.955795,-37.816414],[144.953873,-37.812527],[144.951538,-37.813206],[144.935837,-37.804878],[144.936401,-37.800972],[144.902679,-37.735588],[144.890594,-37.709785],[144.890015,-37.702419],[144.897064,-37.698414],[144.901108,-37.695293],[144.976639,-37.690235],[144.951035,-37.50444],[145.025192,-37.39119],[145.121155,-36.98605],[145.302017,-36.86298],[145.579468,-36.77309],[145.742767,-36.630379],[145.992722,-36.572781],[146.230453,-36.464043],[146.367783,-36.379337],[146.48436,-36.176548],[146.620239,-36.157433],[146.739365,-36.079037],[146.902237,-36.108139],[147.004684,-35.92765],[147.152664,-35.912178],[147.307205,-35.709034],[147.526093,-35.587791],[147.666168,-35.385067],[147.649506,-35.321621],[147.82637,-35.179176],[148.065109,-35.104427],[148.17067,-34.909389],[148.324234,-34.816776],[148.668839,-34.819576],[148.762009,-34.766151],[148.949768,-34.817913],[149.015991,-34.836983],[149.248489,-34.785019],[149.363022,-34.821552],[149.589691,-34.809498],[149.792297,-34.735218],[149.981247,-34.730301],[150.204132,-34.62561],[150.321701,-34.475391],[150.499619,-34.413414],[150.876404,-33.957447],[151.083511,-33.940746],[151.209549,-33.935009],[151.21843,-33.869652],[151.213303,-33.865887],[151.212463,-33.866112],[151.212402,-33.866562],[151.210037,-33.866238],[151.209839,-33.867985]]',	NULL,	23,	NULL,	NULL,	12,	1,	2,	'weekly',	NULL,	NULL,	'2021-03-04',	2,	NULL,	'2020-08-07 05:19:36',	'2020-08-07 05:19:36',	NULL),
(28,	1,	1,	14,	'Melbourne, Victoria, Australia',	-37.81420000,	144.96320000,	'Melbourne',	NULL,	'2020-11-04',	'Sydney, New South Wales, Australia',	-33.86800000,	151.21000000,	'Sydney',	NULL,	'[[144.963226,-37.814198],[144.963257,-37.814251],[144.958328,-37.815678],[144.955795,-37.816414],[144.953873,-37.812527],[144.951538,-37.813206],[144.935837,-37.804878],[144.936401,-37.800972],[144.902679,-37.735588],[144.890594,-37.709785],[144.890015,-37.702419],[144.897064,-37.698414],[144.901108,-37.695293],[144.976639,-37.690235],[144.951035,-37.50444],[145.025192,-37.39119],[145.121155,-36.98605],[145.302017,-36.86298],[145.579468,-36.77309],[145.742767,-36.630379],[145.992722,-36.572781],[146.230453,-36.464043],[146.367783,-36.379337],[146.48436,-36.176548],[146.620239,-36.157433],[146.739365,-36.079037],[146.902237,-36.108139],[147.004684,-35.92765],[147.152664,-35.912178],[147.307205,-35.709034],[147.526093,-35.587791],[147.666168,-35.385067],[147.649506,-35.321621],[147.82637,-35.179176],[148.065109,-35.104427],[148.17067,-34.909389],[148.324234,-34.816776],[148.668839,-34.819576],[148.762009,-34.766151],[148.949768,-34.817913],[149.015991,-34.836983],[149.248489,-34.785019],[149.363022,-34.821552],[149.589691,-34.809498],[149.792297,-34.735218],[149.981247,-34.730301],[150.204132,-34.62561],[150.321701,-34.475391],[150.499619,-34.413414],[150.876404,-33.957447],[151.083511,-33.940746],[151.209549,-33.935009],[151.21843,-33.869652],[151.213303,-33.865887],[151.212463,-33.866112],[151.212402,-33.866562],[151.210037,-33.866238],[151.209839,-33.867985]]',	NULL,	23,	NULL,	NULL,	12,	1,	2,	'weekly',	NULL,	NULL,	'2021-03-04',	2,	NULL,	'2020-08-07 05:19:36',	'2020-08-07 05:19:36',	NULL),
(29,	1,	1,	14,	'Melbourne, Victoria, Australia',	-37.81420000,	144.96320000,	'Melbourne',	NULL,	'2020-11-11',	'Sydney, New South Wales, Australia',	-33.86800000,	151.21000000,	'Sydney',	NULL,	'[[144.963226,-37.814198],[144.963257,-37.814251],[144.958328,-37.815678],[144.955795,-37.816414],[144.953873,-37.812527],[144.951538,-37.813206],[144.935837,-37.804878],[144.936401,-37.800972],[144.902679,-37.735588],[144.890594,-37.709785],[144.890015,-37.702419],[144.897064,-37.698414],[144.901108,-37.695293],[144.976639,-37.690235],[144.951035,-37.50444],[145.025192,-37.39119],[145.121155,-36.98605],[145.302017,-36.86298],[145.579468,-36.77309],[145.742767,-36.630379],[145.992722,-36.572781],[146.230453,-36.464043],[146.367783,-36.379337],[146.48436,-36.176548],[146.620239,-36.157433],[146.739365,-36.079037],[146.902237,-36.108139],[147.004684,-35.92765],[147.152664,-35.912178],[147.307205,-35.709034],[147.526093,-35.587791],[147.666168,-35.385067],[147.649506,-35.321621],[147.82637,-35.179176],[148.065109,-35.104427],[148.17067,-34.909389],[148.324234,-34.816776],[148.668839,-34.819576],[148.762009,-34.766151],[148.949768,-34.817913],[149.015991,-34.836983],[149.248489,-34.785019],[149.363022,-34.821552],[149.589691,-34.809498],[149.792297,-34.735218],[149.981247,-34.730301],[150.204132,-34.62561],[150.321701,-34.475391],[150.499619,-34.413414],[150.876404,-33.957447],[151.083511,-33.940746],[151.209549,-33.935009],[151.21843,-33.869652],[151.213303,-33.865887],[151.212463,-33.866112],[151.212402,-33.866562],[151.210037,-33.866238],[151.209839,-33.867985]]',	NULL,	23,	NULL,	NULL,	12,	1,	2,	'weekly',	NULL,	NULL,	'2021-03-04',	2,	NULL,	'2020-08-07 05:19:36',	'2020-08-07 05:19:36',	NULL),
(30,	1,	1,	14,	'Melbourne, Victoria, Australia',	-37.81420000,	144.96320000,	'Melbourne',	NULL,	'2020-11-18',	'Sydney, New South Wales, Australia',	-33.86800000,	151.21000000,	'Sydney',	NULL,	'[[144.963226,-37.814198],[144.963257,-37.814251],[144.958328,-37.815678],[144.955795,-37.816414],[144.953873,-37.812527],[144.951538,-37.813206],[144.935837,-37.804878],[144.936401,-37.800972],[144.902679,-37.735588],[144.890594,-37.709785],[144.890015,-37.702419],[144.897064,-37.698414],[144.901108,-37.695293],[144.976639,-37.690235],[144.951035,-37.50444],[145.025192,-37.39119],[145.121155,-36.98605],[145.302017,-36.86298],[145.579468,-36.77309],[145.742767,-36.630379],[145.992722,-36.572781],[146.230453,-36.464043],[146.367783,-36.379337],[146.48436,-36.176548],[146.620239,-36.157433],[146.739365,-36.079037],[146.902237,-36.108139],[147.004684,-35.92765],[147.152664,-35.912178],[147.307205,-35.709034],[147.526093,-35.587791],[147.666168,-35.385067],[147.649506,-35.321621],[147.82637,-35.179176],[148.065109,-35.104427],[148.17067,-34.909389],[148.324234,-34.816776],[148.668839,-34.819576],[148.762009,-34.766151],[148.949768,-34.817913],[149.015991,-34.836983],[149.248489,-34.785019],[149.363022,-34.821552],[149.589691,-34.809498],[149.792297,-34.735218],[149.981247,-34.730301],[150.204132,-34.62561],[150.321701,-34.475391],[150.499619,-34.413414],[150.876404,-33.957447],[151.083511,-33.940746],[151.209549,-33.935009],[151.21843,-33.869652],[151.213303,-33.865887],[151.212463,-33.866112],[151.212402,-33.866562],[151.210037,-33.866238],[151.209839,-33.867985]]',	NULL,	23,	NULL,	NULL,	12,	1,	2,	'weekly',	NULL,	NULL,	'2021-03-04',	2,	NULL,	'2020-08-07 05:19:36',	'2020-08-07 05:19:36',	NULL),
(31,	1,	1,	14,	'Melbourne, Victoria, Australia',	-37.81420000,	144.96320000,	'Melbourne',	NULL,	'2020-11-25',	'Sydney, New South Wales, Australia',	-33.86800000,	151.21000000,	'Sydney',	NULL,	'[[144.963226,-37.814198],[144.963257,-37.814251],[144.958328,-37.815678],[144.955795,-37.816414],[144.953873,-37.812527],[144.951538,-37.813206],[144.935837,-37.804878],[144.936401,-37.800972],[144.902679,-37.735588],[144.890594,-37.709785],[144.890015,-37.702419],[144.897064,-37.698414],[144.901108,-37.695293],[144.976639,-37.690235],[144.951035,-37.50444],[145.025192,-37.39119],[145.121155,-36.98605],[145.302017,-36.86298],[145.579468,-36.77309],[145.742767,-36.630379],[145.992722,-36.572781],[146.230453,-36.464043],[146.367783,-36.379337],[146.48436,-36.176548],[146.620239,-36.157433],[146.739365,-36.079037],[146.902237,-36.108139],[147.004684,-35.92765],[147.152664,-35.912178],[147.307205,-35.709034],[147.526093,-35.587791],[147.666168,-35.385067],[147.649506,-35.321621],[147.82637,-35.179176],[148.065109,-35.104427],[148.17067,-34.909389],[148.324234,-34.816776],[148.668839,-34.819576],[148.762009,-34.766151],[148.949768,-34.817913],[149.015991,-34.836983],[149.248489,-34.785019],[149.363022,-34.821552],[149.589691,-34.809498],[149.792297,-34.735218],[149.981247,-34.730301],[150.204132,-34.62561],[150.321701,-34.475391],[150.499619,-34.413414],[150.876404,-33.957447],[151.083511,-33.940746],[151.209549,-33.935009],[151.21843,-33.869652],[151.213303,-33.865887],[151.212463,-33.866112],[151.212402,-33.866562],[151.210037,-33.866238],[151.209839,-33.867985]]',	NULL,	23,	NULL,	NULL,	12,	1,	2,	'weekly',	NULL,	NULL,	'2021-03-04',	2,	NULL,	'2020-08-07 05:19:36',	'2020-08-07 05:19:36',	NULL),
(32,	1,	1,	14,	'Melbourne, Victoria, Australia',	-37.81420000,	144.96320000,	'Melbourne',	NULL,	'2020-12-02',	'Sydney, New South Wales, Australia',	-33.86800000,	151.21000000,	'Sydney',	NULL,	'[[144.963226,-37.814198],[144.963257,-37.814251],[144.958328,-37.815678],[144.955795,-37.816414],[144.953873,-37.812527],[144.951538,-37.813206],[144.935837,-37.804878],[144.936401,-37.800972],[144.902679,-37.735588],[144.890594,-37.709785],[144.890015,-37.702419],[144.897064,-37.698414],[144.901108,-37.695293],[144.976639,-37.690235],[144.951035,-37.50444],[145.025192,-37.39119],[145.121155,-36.98605],[145.302017,-36.86298],[145.579468,-36.77309],[145.742767,-36.630379],[145.992722,-36.572781],[146.230453,-36.464043],[146.367783,-36.379337],[146.48436,-36.176548],[146.620239,-36.157433],[146.739365,-36.079037],[146.902237,-36.108139],[147.004684,-35.92765],[147.152664,-35.912178],[147.307205,-35.709034],[147.526093,-35.587791],[147.666168,-35.385067],[147.649506,-35.321621],[147.82637,-35.179176],[148.065109,-35.104427],[148.17067,-34.909389],[148.324234,-34.816776],[148.668839,-34.819576],[148.762009,-34.766151],[148.949768,-34.817913],[149.015991,-34.836983],[149.248489,-34.785019],[149.363022,-34.821552],[149.589691,-34.809498],[149.792297,-34.735218],[149.981247,-34.730301],[150.204132,-34.62561],[150.321701,-34.475391],[150.499619,-34.413414],[150.876404,-33.957447],[151.083511,-33.940746],[151.209549,-33.935009],[151.21843,-33.869652],[151.213303,-33.865887],[151.212463,-33.866112],[151.212402,-33.866562],[151.210037,-33.866238],[151.209839,-33.867985]]',	NULL,	23,	NULL,	NULL,	12,	1,	2,	'weekly',	NULL,	NULL,	'2021-03-04',	2,	NULL,	'2020-08-07 05:19:36',	'2020-08-07 05:19:36',	NULL),
(33,	1,	1,	14,	'Melbourne, Victoria, Australia',	-37.81420000,	144.96320000,	'Melbourne',	NULL,	'2020-12-09',	'Sydney, New South Wales, Australia',	-33.86800000,	151.21000000,	'Sydney',	NULL,	'[[144.963226,-37.814198],[144.963257,-37.814251],[144.958328,-37.815678],[144.955795,-37.816414],[144.953873,-37.812527],[144.951538,-37.813206],[144.935837,-37.804878],[144.936401,-37.800972],[144.902679,-37.735588],[144.890594,-37.709785],[144.890015,-37.702419],[144.897064,-37.698414],[144.901108,-37.695293],[144.976639,-37.690235],[144.951035,-37.50444],[145.025192,-37.39119],[145.121155,-36.98605],[145.302017,-36.86298],[145.579468,-36.77309],[145.742767,-36.630379],[145.992722,-36.572781],[146.230453,-36.464043],[146.367783,-36.379337],[146.48436,-36.176548],[146.620239,-36.157433],[146.739365,-36.079037],[146.902237,-36.108139],[147.004684,-35.92765],[147.152664,-35.912178],[147.307205,-35.709034],[147.526093,-35.587791],[147.666168,-35.385067],[147.649506,-35.321621],[147.82637,-35.179176],[148.065109,-35.104427],[148.17067,-34.909389],[148.324234,-34.816776],[148.668839,-34.819576],[148.762009,-34.766151],[148.949768,-34.817913],[149.015991,-34.836983],[149.248489,-34.785019],[149.363022,-34.821552],[149.589691,-34.809498],[149.792297,-34.735218],[149.981247,-34.730301],[150.204132,-34.62561],[150.321701,-34.475391],[150.499619,-34.413414],[150.876404,-33.957447],[151.083511,-33.940746],[151.209549,-33.935009],[151.21843,-33.869652],[151.213303,-33.865887],[151.212463,-33.866112],[151.212402,-33.866562],[151.210037,-33.866238],[151.209839,-33.867985]]',	NULL,	23,	NULL,	NULL,	12,	1,	2,	'weekly',	NULL,	NULL,	'2021-03-04',	2,	NULL,	'2020-08-07 05:19:36',	'2020-08-07 05:19:36',	NULL),
(34,	1,	1,	14,	'Melbourne, Victoria, Australia',	-37.81420000,	144.96320000,	'Melbourne',	NULL,	'2020-12-16',	'Sydney, New South Wales, Australia',	-33.86800000,	151.21000000,	'Sydney',	NULL,	'[[144.963226,-37.814198],[144.963257,-37.814251],[144.958328,-37.815678],[144.955795,-37.816414],[144.953873,-37.812527],[144.951538,-37.813206],[144.935837,-37.804878],[144.936401,-37.800972],[144.902679,-37.735588],[144.890594,-37.709785],[144.890015,-37.702419],[144.897064,-37.698414],[144.901108,-37.695293],[144.976639,-37.690235],[144.951035,-37.50444],[145.025192,-37.39119],[145.121155,-36.98605],[145.302017,-36.86298],[145.579468,-36.77309],[145.742767,-36.630379],[145.992722,-36.572781],[146.230453,-36.464043],[146.367783,-36.379337],[146.48436,-36.176548],[146.620239,-36.157433],[146.739365,-36.079037],[146.902237,-36.108139],[147.004684,-35.92765],[147.152664,-35.912178],[147.307205,-35.709034],[147.526093,-35.587791],[147.666168,-35.385067],[147.649506,-35.321621],[147.82637,-35.179176],[148.065109,-35.104427],[148.17067,-34.909389],[148.324234,-34.816776],[148.668839,-34.819576],[148.762009,-34.766151],[148.949768,-34.817913],[149.015991,-34.836983],[149.248489,-34.785019],[149.363022,-34.821552],[149.589691,-34.809498],[149.792297,-34.735218],[149.981247,-34.730301],[150.204132,-34.62561],[150.321701,-34.475391],[150.499619,-34.413414],[150.876404,-33.957447],[151.083511,-33.940746],[151.209549,-33.935009],[151.21843,-33.869652],[151.213303,-33.865887],[151.212463,-33.866112],[151.212402,-33.866562],[151.210037,-33.866238],[151.209839,-33.867985]]',	NULL,	23,	NULL,	NULL,	12,	1,	2,	'weekly',	NULL,	NULL,	'2021-03-04',	2,	NULL,	'2020-08-07 05:19:36',	'2020-08-07 05:19:36',	NULL),
(35,	1,	1,	14,	'Melbourne, Victoria, Australia',	-37.81420000,	144.96320000,	'Melbourne',	NULL,	'2020-12-23',	'Sydney, New South Wales, Australia',	-33.86800000,	151.21000000,	'Sydney',	NULL,	'[[144.963226,-37.814198],[144.963257,-37.814251],[144.958328,-37.815678],[144.955795,-37.816414],[144.953873,-37.812527],[144.951538,-37.813206],[144.935837,-37.804878],[144.936401,-37.800972],[144.902679,-37.735588],[144.890594,-37.709785],[144.890015,-37.702419],[144.897064,-37.698414],[144.901108,-37.695293],[144.976639,-37.690235],[144.951035,-37.50444],[145.025192,-37.39119],[145.121155,-36.98605],[145.302017,-36.86298],[145.579468,-36.77309],[145.742767,-36.630379],[145.992722,-36.572781],[146.230453,-36.464043],[146.367783,-36.379337],[146.48436,-36.176548],[146.620239,-36.157433],[146.739365,-36.079037],[146.902237,-36.108139],[147.004684,-35.92765],[147.152664,-35.912178],[147.307205,-35.709034],[147.526093,-35.587791],[147.666168,-35.385067],[147.649506,-35.321621],[147.82637,-35.179176],[148.065109,-35.104427],[148.17067,-34.909389],[148.324234,-34.816776],[148.668839,-34.819576],[148.762009,-34.766151],[148.949768,-34.817913],[149.015991,-34.836983],[149.248489,-34.785019],[149.363022,-34.821552],[149.589691,-34.809498],[149.792297,-34.735218],[149.981247,-34.730301],[150.204132,-34.62561],[150.321701,-34.475391],[150.499619,-34.413414],[150.876404,-33.957447],[151.083511,-33.940746],[151.209549,-33.935009],[151.21843,-33.869652],[151.213303,-33.865887],[151.212463,-33.866112],[151.212402,-33.866562],[151.210037,-33.866238],[151.209839,-33.867985]]',	NULL,	23,	NULL,	NULL,	12,	1,	2,	'weekly',	NULL,	NULL,	'2021-03-04',	2,	NULL,	'2020-08-07 05:19:36',	'2020-08-07 05:19:36',	NULL),
(36,	1,	1,	14,	'Melbourne, Victoria, Australia',	-37.81420000,	144.96320000,	'Melbourne',	NULL,	'2020-12-30',	'Sydney, New South Wales, Australia',	-33.86800000,	151.21000000,	'Sydney',	NULL,	'[[144.963226,-37.814198],[144.963257,-37.814251],[144.958328,-37.815678],[144.955795,-37.816414],[144.953873,-37.812527],[144.951538,-37.813206],[144.935837,-37.804878],[144.936401,-37.800972],[144.902679,-37.735588],[144.890594,-37.709785],[144.890015,-37.702419],[144.897064,-37.698414],[144.901108,-37.695293],[144.976639,-37.690235],[144.951035,-37.50444],[145.025192,-37.39119],[145.121155,-36.98605],[145.302017,-36.86298],[145.579468,-36.77309],[145.742767,-36.630379],[145.992722,-36.572781],[146.230453,-36.464043],[146.367783,-36.379337],[146.48436,-36.176548],[146.620239,-36.157433],[146.739365,-36.079037],[146.902237,-36.108139],[147.004684,-35.92765],[147.152664,-35.912178],[147.307205,-35.709034],[147.526093,-35.587791],[147.666168,-35.385067],[147.649506,-35.321621],[147.82637,-35.179176],[148.065109,-35.104427],[148.17067,-34.909389],[148.324234,-34.816776],[148.668839,-34.819576],[148.762009,-34.766151],[148.949768,-34.817913],[149.015991,-34.836983],[149.248489,-34.785019],[149.363022,-34.821552],[149.589691,-34.809498],[149.792297,-34.735218],[149.981247,-34.730301],[150.204132,-34.62561],[150.321701,-34.475391],[150.499619,-34.413414],[150.876404,-33.957447],[151.083511,-33.940746],[151.209549,-33.935009],[151.21843,-33.869652],[151.213303,-33.865887],[151.212463,-33.866112],[151.212402,-33.866562],[151.210037,-33.866238],[151.209839,-33.867985]]',	NULL,	23,	NULL,	NULL,	12,	1,	2,	'weekly',	NULL,	NULL,	'2021-03-04',	2,	NULL,	'2020-08-07 05:19:37',	'2020-08-07 05:19:37',	NULL),
(37,	1,	1,	14,	'Melbourne, Victoria, Australia',	-37.81420000,	144.96320000,	'Melbourne',	NULL,	'2021-01-06',	'Sydney, New South Wales, Australia',	-33.86800000,	151.21000000,	'Sydney',	NULL,	'[[144.963226,-37.814198],[144.963257,-37.814251],[144.958328,-37.815678],[144.955795,-37.816414],[144.953873,-37.812527],[144.951538,-37.813206],[144.935837,-37.804878],[144.936401,-37.800972],[144.902679,-37.735588],[144.890594,-37.709785],[144.890015,-37.702419],[144.897064,-37.698414],[144.901108,-37.695293],[144.976639,-37.690235],[144.951035,-37.50444],[145.025192,-37.39119],[145.121155,-36.98605],[145.302017,-36.86298],[145.579468,-36.77309],[145.742767,-36.630379],[145.992722,-36.572781],[146.230453,-36.464043],[146.367783,-36.379337],[146.48436,-36.176548],[146.620239,-36.157433],[146.739365,-36.079037],[146.902237,-36.108139],[147.004684,-35.92765],[147.152664,-35.912178],[147.307205,-35.709034],[147.526093,-35.587791],[147.666168,-35.385067],[147.649506,-35.321621],[147.82637,-35.179176],[148.065109,-35.104427],[148.17067,-34.909389],[148.324234,-34.816776],[148.668839,-34.819576],[148.762009,-34.766151],[148.949768,-34.817913],[149.015991,-34.836983],[149.248489,-34.785019],[149.363022,-34.821552],[149.589691,-34.809498],[149.792297,-34.735218],[149.981247,-34.730301],[150.204132,-34.62561],[150.321701,-34.475391],[150.499619,-34.413414],[150.876404,-33.957447],[151.083511,-33.940746],[151.209549,-33.935009],[151.21843,-33.869652],[151.213303,-33.865887],[151.212463,-33.866112],[151.212402,-33.866562],[151.210037,-33.866238],[151.209839,-33.867985]]',	NULL,	23,	NULL,	NULL,	12,	1,	2,	'weekly',	NULL,	NULL,	'2021-03-04',	2,	NULL,	'2020-08-07 05:19:37',	'2020-08-07 05:19:37',	NULL),
(38,	1,	1,	14,	'Melbourne, Victoria, Australia',	-37.81420000,	144.96320000,	'Melbourne',	NULL,	'2021-01-13',	'Sydney, New South Wales, Australia',	-33.86800000,	151.21000000,	'Sydney',	NULL,	'[[144.963226,-37.814198],[144.963257,-37.814251],[144.958328,-37.815678],[144.955795,-37.816414],[144.953873,-37.812527],[144.951538,-37.813206],[144.935837,-37.804878],[144.936401,-37.800972],[144.902679,-37.735588],[144.890594,-37.709785],[144.890015,-37.702419],[144.897064,-37.698414],[144.901108,-37.695293],[144.976639,-37.690235],[144.951035,-37.50444],[145.025192,-37.39119],[145.121155,-36.98605],[145.302017,-36.86298],[145.579468,-36.77309],[145.742767,-36.630379],[145.992722,-36.572781],[146.230453,-36.464043],[146.367783,-36.379337],[146.48436,-36.176548],[146.620239,-36.157433],[146.739365,-36.079037],[146.902237,-36.108139],[147.004684,-35.92765],[147.152664,-35.912178],[147.307205,-35.709034],[147.526093,-35.587791],[147.666168,-35.385067],[147.649506,-35.321621],[147.82637,-35.179176],[148.065109,-35.104427],[148.17067,-34.909389],[148.324234,-34.816776],[148.668839,-34.819576],[148.762009,-34.766151],[148.949768,-34.817913],[149.015991,-34.836983],[149.248489,-34.785019],[149.363022,-34.821552],[149.589691,-34.809498],[149.792297,-34.735218],[149.981247,-34.730301],[150.204132,-34.62561],[150.321701,-34.475391],[150.499619,-34.413414],[150.876404,-33.957447],[151.083511,-33.940746],[151.209549,-33.935009],[151.21843,-33.869652],[151.213303,-33.865887],[151.212463,-33.866112],[151.212402,-33.866562],[151.210037,-33.866238],[151.209839,-33.867985]]',	NULL,	23,	NULL,	NULL,	12,	1,	2,	'weekly',	NULL,	NULL,	'2021-03-04',	2,	NULL,	'2020-08-07 05:19:37',	'2020-08-07 05:19:37',	NULL),
(39,	1,	1,	14,	'Melbourne, Victoria, Australia',	-37.81420000,	144.96320000,	'Melbourne',	NULL,	'2021-01-20',	'Sydney, New South Wales, Australia',	-33.86800000,	151.21000000,	'Sydney',	NULL,	'[[144.963226,-37.814198],[144.963257,-37.814251],[144.958328,-37.815678],[144.955795,-37.816414],[144.953873,-37.812527],[144.951538,-37.813206],[144.935837,-37.804878],[144.936401,-37.800972],[144.902679,-37.735588],[144.890594,-37.709785],[144.890015,-37.702419],[144.897064,-37.698414],[144.901108,-37.695293],[144.976639,-37.690235],[144.951035,-37.50444],[145.025192,-37.39119],[145.121155,-36.98605],[145.302017,-36.86298],[145.579468,-36.77309],[145.742767,-36.630379],[145.992722,-36.572781],[146.230453,-36.464043],[146.367783,-36.379337],[146.48436,-36.176548],[146.620239,-36.157433],[146.739365,-36.079037],[146.902237,-36.108139],[147.004684,-35.92765],[147.152664,-35.912178],[147.307205,-35.709034],[147.526093,-35.587791],[147.666168,-35.385067],[147.649506,-35.321621],[147.82637,-35.179176],[148.065109,-35.104427],[148.17067,-34.909389],[148.324234,-34.816776],[148.668839,-34.819576],[148.762009,-34.766151],[148.949768,-34.817913],[149.015991,-34.836983],[149.248489,-34.785019],[149.363022,-34.821552],[149.589691,-34.809498],[149.792297,-34.735218],[149.981247,-34.730301],[150.204132,-34.62561],[150.321701,-34.475391],[150.499619,-34.413414],[150.876404,-33.957447],[151.083511,-33.940746],[151.209549,-33.935009],[151.21843,-33.869652],[151.213303,-33.865887],[151.212463,-33.866112],[151.212402,-33.866562],[151.210037,-33.866238],[151.209839,-33.867985]]',	NULL,	23,	NULL,	NULL,	12,	1,	2,	'weekly',	NULL,	NULL,	'2021-03-04',	2,	NULL,	'2020-08-07 05:19:37',	'2020-08-07 05:19:37',	NULL),
(40,	1,	1,	14,	'Melbourne, Victoria, Australia',	-37.81420000,	144.96320000,	'Melbourne',	NULL,	'2021-01-27',	'Sydney, New South Wales, Australia',	-33.86800000,	151.21000000,	'Sydney',	NULL,	'[[144.963226,-37.814198],[144.963257,-37.814251],[144.958328,-37.815678],[144.955795,-37.816414],[144.953873,-37.812527],[144.951538,-37.813206],[144.935837,-37.804878],[144.936401,-37.800972],[144.902679,-37.735588],[144.890594,-37.709785],[144.890015,-37.702419],[144.897064,-37.698414],[144.901108,-37.695293],[144.976639,-37.690235],[144.951035,-37.50444],[145.025192,-37.39119],[145.121155,-36.98605],[145.302017,-36.86298],[145.579468,-36.77309],[145.742767,-36.630379],[145.992722,-36.572781],[146.230453,-36.464043],[146.367783,-36.379337],[146.48436,-36.176548],[146.620239,-36.157433],[146.739365,-36.079037],[146.902237,-36.108139],[147.004684,-35.92765],[147.152664,-35.912178],[147.307205,-35.709034],[147.526093,-35.587791],[147.666168,-35.385067],[147.649506,-35.321621],[147.82637,-35.179176],[148.065109,-35.104427],[148.17067,-34.909389],[148.324234,-34.816776],[148.668839,-34.819576],[148.762009,-34.766151],[148.949768,-34.817913],[149.015991,-34.836983],[149.248489,-34.785019],[149.363022,-34.821552],[149.589691,-34.809498],[149.792297,-34.735218],[149.981247,-34.730301],[150.204132,-34.62561],[150.321701,-34.475391],[150.499619,-34.413414],[150.876404,-33.957447],[151.083511,-33.940746],[151.209549,-33.935009],[151.21843,-33.869652],[151.213303,-33.865887],[151.212463,-33.866112],[151.212402,-33.866562],[151.210037,-33.866238],[151.209839,-33.867985]]',	NULL,	23,	NULL,	NULL,	12,	1,	2,	'weekly',	NULL,	NULL,	'2021-03-04',	2,	NULL,	'2020-08-07 05:19:37',	'2020-08-07 05:19:37',	NULL),
(41,	1,	1,	14,	'Melbourne, Victoria, Australia',	-37.81420000,	144.96320000,	'Melbourne',	NULL,	'2021-02-03',	'Sydney, New South Wales, Australia',	-33.86800000,	151.21000000,	'Sydney',	NULL,	'[[144.963226,-37.814198],[144.963257,-37.814251],[144.958328,-37.815678],[144.955795,-37.816414],[144.953873,-37.812527],[144.951538,-37.813206],[144.935837,-37.804878],[144.936401,-37.800972],[144.902679,-37.735588],[144.890594,-37.709785],[144.890015,-37.702419],[144.897064,-37.698414],[144.901108,-37.695293],[144.976639,-37.690235],[144.951035,-37.50444],[145.025192,-37.39119],[145.121155,-36.98605],[145.302017,-36.86298],[145.579468,-36.77309],[145.742767,-36.630379],[145.992722,-36.572781],[146.230453,-36.464043],[146.367783,-36.379337],[146.48436,-36.176548],[146.620239,-36.157433],[146.739365,-36.079037],[146.902237,-36.108139],[147.004684,-35.92765],[147.152664,-35.912178],[147.307205,-35.709034],[147.526093,-35.587791],[147.666168,-35.385067],[147.649506,-35.321621],[147.82637,-35.179176],[148.065109,-35.104427],[148.17067,-34.909389],[148.324234,-34.816776],[148.668839,-34.819576],[148.762009,-34.766151],[148.949768,-34.817913],[149.015991,-34.836983],[149.248489,-34.785019],[149.363022,-34.821552],[149.589691,-34.809498],[149.792297,-34.735218],[149.981247,-34.730301],[150.204132,-34.62561],[150.321701,-34.475391],[150.499619,-34.413414],[150.876404,-33.957447],[151.083511,-33.940746],[151.209549,-33.935009],[151.21843,-33.869652],[151.213303,-33.865887],[151.212463,-33.866112],[151.212402,-33.866562],[151.210037,-33.866238],[151.209839,-33.867985]]',	NULL,	23,	NULL,	NULL,	12,	1,	2,	'weekly',	NULL,	NULL,	'2021-03-04',	2,	NULL,	'2020-08-07 05:19:37',	'2020-08-07 05:19:37',	NULL),
(42,	1,	1,	14,	'Melbourne, Victoria, Australia',	-37.81420000,	144.96320000,	'Melbourne',	NULL,	'2021-02-10',	'Sydney, New South Wales, Australia',	-33.86800000,	151.21000000,	'Sydney',	NULL,	'[[144.963226,-37.814198],[144.963257,-37.814251],[144.958328,-37.815678],[144.955795,-37.816414],[144.953873,-37.812527],[144.951538,-37.813206],[144.935837,-37.804878],[144.936401,-37.800972],[144.902679,-37.735588],[144.890594,-37.709785],[144.890015,-37.702419],[144.897064,-37.698414],[144.901108,-37.695293],[144.976639,-37.690235],[144.951035,-37.50444],[145.025192,-37.39119],[145.121155,-36.98605],[145.302017,-36.86298],[145.579468,-36.77309],[145.742767,-36.630379],[145.992722,-36.572781],[146.230453,-36.464043],[146.367783,-36.379337],[146.48436,-36.176548],[146.620239,-36.157433],[146.739365,-36.079037],[146.902237,-36.108139],[147.004684,-35.92765],[147.152664,-35.912178],[147.307205,-35.709034],[147.526093,-35.587791],[147.666168,-35.385067],[147.649506,-35.321621],[147.82637,-35.179176],[148.065109,-35.104427],[148.17067,-34.909389],[148.324234,-34.816776],[148.668839,-34.819576],[148.762009,-34.766151],[148.949768,-34.817913],[149.015991,-34.836983],[149.248489,-34.785019],[149.363022,-34.821552],[149.589691,-34.809498],[149.792297,-34.735218],[149.981247,-34.730301],[150.204132,-34.62561],[150.321701,-34.475391],[150.499619,-34.413414],[150.876404,-33.957447],[151.083511,-33.940746],[151.209549,-33.935009],[151.21843,-33.869652],[151.213303,-33.865887],[151.212463,-33.866112],[151.212402,-33.866562],[151.210037,-33.866238],[151.209839,-33.867985]]',	NULL,	23,	NULL,	NULL,	12,	1,	2,	'weekly',	NULL,	NULL,	'2021-03-04',	2,	NULL,	'2020-08-07 05:19:37',	'2020-08-07 05:19:37',	NULL),
(43,	1,	1,	14,	'Melbourne, Victoria, Australia',	-37.81420000,	144.96320000,	'Melbourne',	NULL,	'2021-02-17',	'Sydney, New South Wales, Australia',	-33.86800000,	151.21000000,	'Sydney',	NULL,	'[[144.963226,-37.814198],[144.963257,-37.814251],[144.958328,-37.815678],[144.955795,-37.816414],[144.953873,-37.812527],[144.951538,-37.813206],[144.935837,-37.804878],[144.936401,-37.800972],[144.902679,-37.735588],[144.890594,-37.709785],[144.890015,-37.702419],[144.897064,-37.698414],[144.901108,-37.695293],[144.976639,-37.690235],[144.951035,-37.50444],[145.025192,-37.39119],[145.121155,-36.98605],[145.302017,-36.86298],[145.579468,-36.77309],[145.742767,-36.630379],[145.992722,-36.572781],[146.230453,-36.464043],[146.367783,-36.379337],[146.48436,-36.176548],[146.620239,-36.157433],[146.739365,-36.079037],[146.902237,-36.108139],[147.004684,-35.92765],[147.152664,-35.912178],[147.307205,-35.709034],[147.526093,-35.587791],[147.666168,-35.385067],[147.649506,-35.321621],[147.82637,-35.179176],[148.065109,-35.104427],[148.17067,-34.909389],[148.324234,-34.816776],[148.668839,-34.819576],[148.762009,-34.766151],[148.949768,-34.817913],[149.015991,-34.836983],[149.248489,-34.785019],[149.363022,-34.821552],[149.589691,-34.809498],[149.792297,-34.735218],[149.981247,-34.730301],[150.204132,-34.62561],[150.321701,-34.475391],[150.499619,-34.413414],[150.876404,-33.957447],[151.083511,-33.940746],[151.209549,-33.935009],[151.21843,-33.869652],[151.213303,-33.865887],[151.212463,-33.866112],[151.212402,-33.866562],[151.210037,-33.866238],[151.209839,-33.867985]]',	NULL,	23,	NULL,	NULL,	12,	1,	2,	'weekly',	NULL,	NULL,	'2021-03-04',	2,	NULL,	'2020-08-07 05:19:37',	'2020-08-07 05:19:37',	NULL),
(44,	1,	1,	14,	'Melbourne, Victoria, Australia',	-37.81420000,	144.96320000,	'Melbourne',	NULL,	'2021-02-24',	'Sydney, New South Wales, Australia',	-33.86800000,	151.21000000,	'Sydney',	NULL,	'[[144.963226,-37.814198],[144.963257,-37.814251],[144.958328,-37.815678],[144.955795,-37.816414],[144.953873,-37.812527],[144.951538,-37.813206],[144.935837,-37.804878],[144.936401,-37.800972],[144.902679,-37.735588],[144.890594,-37.709785],[144.890015,-37.702419],[144.897064,-37.698414],[144.901108,-37.695293],[144.976639,-37.690235],[144.951035,-37.50444],[145.025192,-37.39119],[145.121155,-36.98605],[145.302017,-36.86298],[145.579468,-36.77309],[145.742767,-36.630379],[145.992722,-36.572781],[146.230453,-36.464043],[146.367783,-36.379337],[146.48436,-36.176548],[146.620239,-36.157433],[146.739365,-36.079037],[146.902237,-36.108139],[147.004684,-35.92765],[147.152664,-35.912178],[147.307205,-35.709034],[147.526093,-35.587791],[147.666168,-35.385067],[147.649506,-35.321621],[147.82637,-35.179176],[148.065109,-35.104427],[148.17067,-34.909389],[148.324234,-34.816776],[148.668839,-34.819576],[148.762009,-34.766151],[148.949768,-34.817913],[149.015991,-34.836983],[149.248489,-34.785019],[149.363022,-34.821552],[149.589691,-34.809498],[149.792297,-34.735218],[149.981247,-34.730301],[150.204132,-34.62561],[150.321701,-34.475391],[150.499619,-34.413414],[150.876404,-33.957447],[151.083511,-33.940746],[151.209549,-33.935009],[151.21843,-33.869652],[151.213303,-33.865887],[151.212463,-33.866112],[151.212402,-33.866562],[151.210037,-33.866238],[151.209839,-33.867985]]',	NULL,	23,	NULL,	NULL,	12,	1,	2,	'weekly',	NULL,	NULL,	'2021-03-04',	2,	NULL,	'2020-08-07 05:19:37',	'2020-08-07 05:19:37',	NULL),
(45,	1,	1,	14,	'Melbourne, Victoria, Australia',	-37.81420000,	144.96320000,	'Melbourne',	NULL,	'2021-03-03',	'Sydney, New South Wales, Australia',	-33.86800000,	151.21000000,	'Sydney',	NULL,	'[[144.963226,-37.814198],[144.963257,-37.814251],[144.958328,-37.815678],[144.955795,-37.816414],[144.953873,-37.812527],[144.951538,-37.813206],[144.935837,-37.804878],[144.936401,-37.800972],[144.902679,-37.735588],[144.890594,-37.709785],[144.890015,-37.702419],[144.897064,-37.698414],[144.901108,-37.695293],[144.976639,-37.690235],[144.951035,-37.50444],[145.025192,-37.39119],[145.121155,-36.98605],[145.302017,-36.86298],[145.579468,-36.77309],[145.742767,-36.630379],[145.992722,-36.572781],[146.230453,-36.464043],[146.367783,-36.379337],[146.48436,-36.176548],[146.620239,-36.157433],[146.739365,-36.079037],[146.902237,-36.108139],[147.004684,-35.92765],[147.152664,-35.912178],[147.307205,-35.709034],[147.526093,-35.587791],[147.666168,-35.385067],[147.649506,-35.321621],[147.82637,-35.179176],[148.065109,-35.104427],[148.17067,-34.909389],[148.324234,-34.816776],[148.668839,-34.819576],[148.762009,-34.766151],[148.949768,-34.817913],[149.015991,-34.836983],[149.248489,-34.785019],[149.363022,-34.821552],[149.589691,-34.809498],[149.792297,-34.735218],[149.981247,-34.730301],[150.204132,-34.62561],[150.321701,-34.475391],[150.499619,-34.413414],[150.876404,-33.957447],[151.083511,-33.940746],[151.209549,-33.935009],[151.21843,-33.869652],[151.213303,-33.865887],[151.212463,-33.866112],[151.212402,-33.866562],[151.210037,-33.866238],[151.209839,-33.867985]]',	NULL,	23,	NULL,	NULL,	12,	1,	2,	'weekly',	NULL,	NULL,	'2021-03-04',	2,	NULL,	'2020-08-07 05:19:37',	'2020-08-07 05:19:37',	NULL);

DROP TABLE IF EXISTS `locals`;
CREATE TABLE `locals` (
  `id` bigint unsigned NOT NULL AUTO_INCREMENT,
  `company_id` bigint unsigned NOT NULL,
  `depot_id` bigint unsigned NOT NULL,
  `location` varchar(255) CHARACTER SET utf8mb4 COLLATE utf8mb4_unicode_ci DEFAULT NULL,
  `radius` int unsigned NOT NULL,
  `price_per` decimal(10,2) NOT NULL,
  `min_price` decimal(10,2) NOT NULL,
  `extra_person_price` decimal(10,2) DEFAULT NULL,
  `weekdays` text CHARACTER SET utf8mb4 COLLATE utf8mb4_unicode_ci,
  `created_by` bigint unsigned NOT NULL,
  `created_at` timestamp NULL DEFAULT NULL,
  `updated_at` timestamp NULL DEFAULT NULL,
  `deleted_at` timestamp NULL DEFAULT NULL,
  PRIMARY KEY (`id`),
  KEY `locals_company_id_foreign` (`company_id`),
  KEY `locals_depot_id_foreign` (`depot_id`),
  CONSTRAINT `locals_company_id_foreign` FOREIGN KEY (`company_id`) REFERENCES `companies` (`id`) ON DELETE RESTRICT ON UPDATE RESTRICT,
  CONSTRAINT `locals_depot_id_foreign` FOREIGN KEY (`depot_id`) REFERENCES `depots` (`id`) ON DELETE RESTRICT ON UPDATE RESTRICT
) ENGINE=InnoDB DEFAULT CHARSET=utf8mb4 COLLATE=utf8mb4_unicode_ci;

INSERT INTO `locals` (`id`, `company_id`, `depot_id`, `location`, `radius`, `price_per`, `min_price`, `extra_person_price`, `weekdays`, `created_by`, `created_at`, `updated_at`, `deleted_at`) VALUES
(1,	1,	1,	NULL,	21,	12.00,	0.00,	22.00,	'[\"monday\",\"tuesday\",\"wednesday\",\"thursday\",\"friday\",\"saturday\",\"sunday\"]',	2,	'2020-08-06 02:42:01',	'2020-08-06 02:42:01',	NULL),
(2,	1,	1,	NULL,	32,	23.00,	0.00,	23.00,	'[\"tuesday\"]',	2,	'2020-08-06 02:44:26',	'2020-08-06 02:44:26',	NULL);

DROP TABLE IF EXISTS `migrations`;
CREATE TABLE `migrations` (
  `id` int unsigned NOT NULL AUTO_INCREMENT,
  `migration` varchar(191) CHARACTER SET utf8mb4 COLLATE utf8mb4_unicode_ci NOT NULL,
  `batch` int NOT NULL,
  PRIMARY KEY (`id`)
) ENGINE=InnoDB DEFAULT CHARSET=utf8mb4 COLLATE=utf8mb4_unicode_ci;

INSERT INTO `migrations` (`id`, `migration`, `batch`) VALUES
(1,	'2014_10_12_000000_create_users_table',	1),
(2,	'2014_10_12_100000_create_password_resets_table',	1),
(3,	'2016_06_01_000001_create_oauth_auth_codes_table',	1),
(4,	'2016_06_01_000002_create_oauth_access_tokens_table',	1),
(5,	'2016_06_01_000003_create_oauth_refresh_tokens_table',	1),
(6,	'2016_06_01_000004_create_oauth_clients_table',	1),
(7,	'2016_06_01_000005_create_oauth_personal_access_clients_table',	1),
(8,	'2019_08_19_000000_create_failed_jobs_table',	1),
(9,	'2020_04_06_075027_create_customers_table',	1),
(10,	'2020_04_07_032307_create_moves_table',	1),
(11,	'2020_04_07_050114_create_companies_table',	1),
(12,	'2020_04_07_064347_create_agents_table',	1),
(13,	'2020_04_07_071151_create_lanes_table',	1),
(14,	'2020_04_07_072803_create_trucks_table',	1),
(15,	'2020_04_07_073540_create_deals_table',	1),
(16,	'2020_04_07_074030_create_ancillary_services_table',	1),
(17,	'2020_04_07_223001_create_user_actions_table',	1),
(18,	'2020_04_07_231201_create_payments_table',	1),
(19,	'2020_04_07_232529_create_depots_table',	1),
(20,	'2020_04_08_002721_create_roles_table',	1),
(21,	'2020_04_08_003236_create_permissions_table',	1),
(22,	'2020_04_08_003604_create_role_permission_table',	1),
(23,	'2020_04_29_060507_create_configurations_table',	1),
(24,	'2020_05_06_233224_create_move_ancillary_rel_table',	1),
(25,	'2020_05_13_000815_create_locals_table',	1),
(26,	'2020_05_14_132325_create_interstate_configurations_table',	1),
(27,	'2020_05_27_165221_create_notifications_table',	1),
(28,	'2020_05_28_022217_create_user_notifications_table',	1),
(29,	'2020_06_03_050806_create_lane_tiered_prices_table',	1),
(30,	'2020_07_01_035017_create_attachment_table',	1);

DROP TABLE IF EXISTS `move_ancillary_rel`;
CREATE TABLE `move_ancillary_rel` (
  `id` bigint unsigned NOT NULL AUTO_INCREMENT,
  `move_id` bigint unsigned NOT NULL,
  `ancillary_id` bigint unsigned NOT NULL,
  `answers` text CHARACTER SET utf8mb4 COLLATE utf8mb4_unicode_ci,
  `created_at` timestamp NULL DEFAULT NULL,
  `updated_at` timestamp NULL DEFAULT NULL,
  PRIMARY KEY (`id`)
) ENGINE=InnoDB DEFAULT CHARSET=utf8mb4 COLLATE=utf8mb4_unicode_ci;

INSERT INTO `move_ancillary_rel` (`id`, `move_id`, `ancillary_id`, `answers`, `created_at`, `updated_at`) VALUES
(1,	73,	1,	'\"\\\"[{\\\\\\\"que\\\\\\\":\\\\\\\"Question 1\\\\\\\",\\\\\\\"ans\\\\\\\":\\\\\\\"ans 1\\\\\\\"},{\\\\\\\"que\\\\\\\":\\\\\\\"Question 2\\\\\\\",\\\\\\\"ans\\\\\\\":\\\\\\\"ans 2\\\\\\\"}]\\\"\"',	NULL,	NULL);

DROP TABLE IF EXISTS `moves`;
CREATE TABLE `moves` (
  `id` bigint unsigned NOT NULL AUTO_INCREMENT,
  `customer_id` bigint unsigned DEFAULT NULL,
  `truck_id` bigint unsigned DEFAULT NULL,
  `company_id` bigint unsigned DEFAULT NULL,
  `match_id` bigint unsigned DEFAULT NULL,
  `start_addr` varchar(255) CHARACTER SET utf8mb4 COLLATE utf8mb4_unicode_ci DEFAULT NULL,
  `start_lat` decimal(11,8) DEFAULT NULL,
  `start_lng` decimal(11,8) DEFAULT NULL,
  `start_city` varchar(50) CHARACTER SET utf8mb4 COLLATE utf8mb4_unicode_ci DEFAULT NULL,
  `start_postcode` int unsigned DEFAULT NULL,
  `start_access` varchar(500) CHARACTER SET utf8mb4 COLLATE utf8mb4_unicode_ci DEFAULT NULL,
  `start_date` datetime DEFAULT NULL,
  `end_addr` varchar(255) CHARACTER SET utf8mb4 COLLATE utf8mb4_unicode_ci DEFAULT NULL,
  `end_lat` decimal(11,8) DEFAULT NULL,
  `end_lng` decimal(11,8) DEFAULT NULL,
  `end_city` varchar(50) CHARACTER SET utf8mb4 COLLATE utf8mb4_unicode_ci DEFAULT NULL,
  `end_postcode` int unsigned DEFAULT NULL,
  `end_access` varchar(500) CHARACTER SET utf8mb4 COLLATE utf8mb4_unicode_ci DEFAULT NULL,
  `end_date` datetime DEFAULT NULL,
  `stage` tinyint DEFAULT NULL,
  `type` tinyint DEFAULT NULL,
  `status` tinyint DEFAULT NULL,
  `total_price` decimal(10,2) NOT NULL,
  `amount_due` decimal(10,2) NOT NULL,
  `deposit` decimal(10,2) NOT NULL,
  `fee` decimal(10,2) NOT NULL,
  `space` decimal(10,2) NOT NULL,
  `matches` mediumtext CHARACTER SET utf8mb4 COLLATE utf8mb4_unicode_ci,
  `inventory` mediumtext CHARACTER SET utf8mb4 COLLATE utf8mb4_unicode_ci,
  `dwelling_type` tinyint DEFAULT NULL,
  `dwelling_size` tinyint DEFAULT NULL,
  `pickup_window_start` datetime DEFAULT NULL,
  `pickup_window_end` datetime DEFAULT NULL,
  `delivery_window_start` datetime DEFAULT NULL,
  `delivery_window_end` datetime DEFAULT NULL,
  `requested_date` datetime DEFAULT NULL,
  `checklists` text CHARACTER SET utf8mb4 COLLATE utf8mb4_unicode_ci,
  `customer_note` text CHARACTER SET utf8mb4 COLLATE utf8mb4_unicode_ci,
  `current_stage` smallint NOT NULL DEFAULT '0',
  `is_verify` tinyint NOT NULL DEFAULT '0',
  `created_at` timestamp NULL DEFAULT NULL,
  `updated_at` timestamp NULL DEFAULT NULL,
  `deleted_at` timestamp NULL DEFAULT NULL,
  PRIMARY KEY (`id`),
  KEY `moves_customer_id_foreign` (`customer_id`),
  CONSTRAINT `moves_customer_id_foreign` FOREIGN KEY (`customer_id`) REFERENCES `customers` (`id`) ON DELETE RESTRICT ON UPDATE RESTRICT
) ENGINE=InnoDB DEFAULT CHARSET=utf8mb4 COLLATE=utf8mb4_unicode_ci;

INSERT INTO `moves` (`id`, `customer_id`, `truck_id`, `company_id`, `match_id`, `start_addr`, `start_lat`, `start_lng`, `start_city`, `start_postcode`, `start_access`, `start_date`, `end_addr`, `end_lat`, `end_lng`, `end_city`, `end_postcode`, `end_access`, `end_date`, `stage`, `type`, `status`, `total_price`, `amount_due`, `deposit`, `fee`, `space`, `matches`, `inventory`, `dwelling_type`, `dwelling_size`, `pickup_window_start`, `pickup_window_end`, `delivery_window_start`, `delivery_window_end`, `requested_date`, `checklists`, `customer_note`, `current_stage`, `is_verify`, `created_at`, `updated_at`, `deleted_at`) VALUES
(1,	1,	1,	1,	1,	'Melbourne, Victoria',	-37.81420000,	144.96320000,	NULL,	NULL,	'[{\"item\":\"Height restraints\",\"answers\":[{\"que\":\"Haw far is a height restraints?\",\"ans\":\"20\"}]},{\"item\":\"Elevator\",\"answers\":[{\"que\":\"How many elevators are there?\",\"ans\":\"22\"}]},{\"item\":\"Ground floor\",\"answers\":null}]',	'2020-08-10 18:30:00',	'Sydney, New South Wales',	-33.86800000,	151.21000000,	NULL,	NULL,	'[{\"item\":\"Height restraints\",\"answers\":[{\"que\":\"Haw far is a height restraints?\",\"ans\":\"25\"}]},{\"item\":\"Elevator\",\"answers\":[{\"que\":\"How many elevators are there?\",\"ans\":\"35\"}]}]',	'2020-08-13 00:00:00',	3,	5,	13,	26523.00,	26523.00,	0.00,	5304.60,	105.25,	'[1]',	'[{\"title\":\"Bedroom\",\"items\":[{\"item\":\"bassinette\",\"value\":\"21\",\"volume\":null,\"custom\":false,\"order\":1}]},{\"title\":\"Custom\",\"items\":[{\"item\":\"Test\",\"value\":\"25\",\"volume\":\"4\",\"custom\":true,\"order\":22}]}]',	0,	0,	'2020-08-02 17:30:00',	NULL,	NULL,	'2020-08-03 05:30:00',	'2020-08-10 18:30:00',	NULL,	NULL,	14,	0,	'2020-08-06 00:58:51',	'2020-08-06 07:38:23',	NULL),
(2,	1,	0,	1,	1,	'Sydney, New South Wales',	-33.86800000,	151.21000000,	NULL,	NULL,	'[{\"item\":\"Stairs\",\"answers\":[{\"que\":\"how many flights of stairs are at each property?\",\"ans\":\"22\"}]},{\"item\":\"No parking\",\"answers\":[{\"que\":\"How far is a long walk?\",\"ans\":\"32\"}]}]',	'2020-08-17 18:30:00',	'Melbourne, Victoria',	-37.81420000,	144.96320000,	NULL,	NULL,	'[{\"item\":\"Elevator\",\"answers\":[{\"que\":\"How many elevators are there?\",\"ans\":\"22\"}]}]',	'2020-08-20 00:00:00',	3,	5,	13,	7232.00,	7232.00,	0.00,	1446.40,	32.00,	'[1]',	'[]',	0,	0,	'2020-10-18 11:00:00',	NULL,	NULL,	'2020-10-18 23:00:00',	'2020-08-17 18:30:00',	NULL,	NULL,	14,	0,	'2020-08-06 22:45:54',	'2020-10-21 11:06:50',	NULL),
(3,	NULL,	NULL,	NULL,	NULL,	'Sydney, New South Wales',	-33.86800000,	151.21000000,	NULL,	NULL,	'[{\"item\":\"Elevator\",\"answers\":[{\"que\":\"How many elevators are there?\",\"ans\":\"2\"}]}]',	'2020-08-08 06:29:03',	'Melbourne, Victoria',	-37.81420000,	144.96320000,	NULL,	NULL,	'[]',	'2020-08-08 06:29:03',	1,	NULL,	12,	0.00,	0.00,	0.00,	0.00,	48.00,	'[]',	'[]',	0,	0,	NULL,	NULL,	NULL,	NULL,	'2020-08-08 06:29:03',	NULL,	NULL,	7,	0,	'2020-08-07 00:54:03',	'2020-08-07 00:59:03',	NULL),
(4,	NULL,	NULL,	NULL,	NULL,	'Melbourne, Victoria',	-37.81420000,	144.96320000,	NULL,	NULL,	'[]',	'2020-08-08 12:05:27',	'Sydney, New South Wales',	-33.86800000,	151.21000000,	NULL,	NULL,	'[]',	'2020-08-08 12:05:27',	1,	NULL,	12,	0.00,	0.00,	0.00,	0.00,	0.00,	'[]',	'[]',	NULL,	0,	NULL,	NULL,	NULL,	NULL,	'2020-08-08 12:05:27',	NULL,	NULL,	2,	0,	'2020-08-07 06:35:27',	'2020-08-07 06:35:27',	NULL),
(5,	NULL,	NULL,	NULL,	NULL,	'Melbourne, Victoria',	-37.81420000,	144.96320000,	NULL,	NULL,	'[]',	'2020-08-11 05:26:04',	'Sydney, New South Wales',	-33.86800000,	151.21000000,	NULL,	NULL,	'[]',	'2020-08-11 05:26:04',	1,	NULL,	12,	0.00,	0.00,	0.00,	0.00,	0.00,	'[]',	'[]',	NULL,	0,	NULL,	NULL,	NULL,	NULL,	'2020-08-11 05:26:04',	NULL,	NULL,	2,	0,	'2020-08-09 23:56:04',	'2020-08-09 23:56:04',	NULL),
(6,	NULL,	NULL,	NULL,	NULL,	'Melbourne, Victoria',	-37.81420000,	144.96320000,	NULL,	NULL,	'[]',	'2020-08-11 05:26:46',	'Sydney, New South Wales',	-33.86800000,	151.21000000,	NULL,	NULL,	'[]',	'2020-08-11 05:26:46',	1,	NULL,	12,	0.00,	0.00,	0.00,	0.00,	0.00,	'[]',	'[]',	NULL,	0,	NULL,	NULL,	NULL,	NULL,	'2020-08-11 05:26:46',	NULL,	NULL,	2,	0,	'2020-08-09 23:56:46',	'2020-08-09 23:56:46',	NULL),
(7,	NULL,	NULL,	NULL,	NULL,	'Melbourne, Victoria',	-37.81420000,	144.96320000,	NULL,	NULL,	'[]',	'2020-08-11 05:42:42',	'Sydney, New South Wales',	-33.86800000,	151.21000000,	NULL,	NULL,	'[]',	'2020-08-11 05:42:42',	1,	NULL,	12,	0.00,	0.00,	0.00,	0.00,	0.00,	'[]',	'[]',	NULL,	0,	NULL,	NULL,	NULL,	NULL,	'2020-08-11 05:42:42',	NULL,	NULL,	2,	0,	'2020-08-10 00:11:24',	'2020-08-10 00:12:42',	NULL),
(8,	NULL,	NULL,	NULL,	NULL,	'Melbourne, Victoria',	-37.81420000,	144.96320000,	NULL,	NULL,	'[]',	'2020-08-14 15:41:59',	'Sydney, New South Wales',	-33.86800000,	151.21000000,	NULL,	NULL,	'[]',	'2020-08-14 15:41:59',	1,	NULL,	12,	0.00,	0.00,	0.00,	0.00,	0.00,	'[]',	'[]',	NULL,	0,	NULL,	NULL,	NULL,	NULL,	'2020-08-14 15:41:59',	NULL,	NULL,	2,	0,	'2020-08-13 10:11:59',	'2020-08-13 10:11:59',	NULL),
(9,	NULL,	NULL,	NULL,	NULL,	'Melbourne, Victoria',	-37.81420000,	144.96320000,	NULL,	NULL,	'[]',	'2020-08-14 15:52:52',	'Sydney, New South Wales',	-33.86800000,	151.21000000,	NULL,	NULL,	'[]',	'2020-08-14 15:52:52',	1,	NULL,	12,	0.00,	0.00,	0.00,	0.00,	0.00,	'[]',	'[]',	0,	0,	NULL,	NULL,	NULL,	NULL,	'2020-08-14 15:52:52',	NULL,	NULL,	3,	0,	'2020-08-13 10:21:34',	'2020-08-13 10:22:52',	NULL),
(10,	NULL,	NULL,	NULL,	NULL,	'Melbourne, Victoria',	-37.81420000,	144.96320000,	NULL,	NULL,	'[]',	'2020-08-14 15:53:36',	'Sydney, New South Wales',	-33.86800000,	151.21000000,	NULL,	NULL,	'[]',	'2020-08-14 15:53:36',	1,	NULL,	12,	0.00,	0.00,	0.00,	0.00,	0.00,	'[]',	'[]',	NULL,	0,	NULL,	NULL,	NULL,	NULL,	'2020-08-14 15:53:36',	NULL,	NULL,	2,	0,	'2020-08-13 10:23:36',	'2020-08-13 10:23:36',	NULL),
(11,	NULL,	NULL,	NULL,	NULL,	'Melbourne, Victoria',	-37.81420000,	144.96320000,	NULL,	NULL,	'[]',	'2020-08-14 16:17:57',	'Sydney, New South Wales',	-33.86800000,	151.21000000,	NULL,	NULL,	'[]',	'2020-08-14 16:17:57',	1,	NULL,	12,	0.00,	0.00,	0.00,	0.00,	0.00,	'[]',	'[]',	NULL,	0,	NULL,	NULL,	NULL,	NULL,	'2020-08-14 16:17:57',	NULL,	NULL,	2,	0,	'2020-08-13 10:47:57',	'2020-08-13 10:47:57',	NULL),
(12,	NULL,	NULL,	NULL,	NULL,	'Melbourne, Victoria',	-37.81420000,	144.96320000,	NULL,	NULL,	'[]',	'2020-08-15 03:21:13',	'Sydney, New South Wales',	-33.86800000,	151.21000000,	NULL,	NULL,	'[]',	'2020-08-15 03:21:13',	1,	NULL,	12,	0.00,	0.00,	0.00,	0.00,	0.00,	'[]',	'[]',	NULL,	0,	NULL,	NULL,	NULL,	NULL,	'2020-08-15 03:21:13',	NULL,	NULL,	2,	0,	'2020-08-13 21:51:14',	'2020-08-13 21:51:14',	NULL),
(13,	NULL,	NULL,	NULL,	NULL,	'Melbourne, Victoria',	-37.81420000,	144.96320000,	NULL,	NULL,	'[]',	'2020-08-15 03:22:34',	'Sydney, New South Wales',	-33.86800000,	151.21000000,	NULL,	NULL,	'[]',	'2020-08-15 03:22:34',	1,	NULL,	12,	0.00,	0.00,	0.00,	0.00,	0.00,	'[]',	'[]',	NULL,	0,	NULL,	NULL,	NULL,	NULL,	'2020-08-15 03:22:34',	NULL,	NULL,	2,	0,	'2020-08-13 21:52:34',	'2020-08-13 21:52:34',	NULL),
(14,	NULL,	NULL,	NULL,	NULL,	'Melbourne, Victoria',	-37.81420000,	144.96320000,	NULL,	NULL,	'[]',	'2020-08-15 03:25:02',	'Sydney, New South Wales',	-33.86800000,	151.21000000,	NULL,	NULL,	'[]',	'2020-08-15 03:25:02',	1,	NULL,	12,	0.00,	0.00,	0.00,	0.00,	0.00,	'[]',	'[]',	NULL,	0,	NULL,	NULL,	NULL,	NULL,	'2020-08-15 03:25:02',	NULL,	NULL,	2,	0,	'2020-08-13 21:55:02',	'2020-08-13 21:55:02',	NULL),
(15,	NULL,	NULL,	NULL,	NULL,	'Melbourne, Victoria',	-37.81420000,	144.96320000,	NULL,	NULL,	'[]',	'2020-08-15 03:27:44',	'Sydney, New South Wales',	-33.86800000,	151.21000000,	NULL,	NULL,	'[]',	'2020-08-15 03:27:44',	1,	NULL,	12,	0.00,	0.00,	0.00,	0.00,	0.00,	'[]',	'[]',	NULL,	0,	NULL,	NULL,	NULL,	NULL,	'2020-08-15 03:27:44',	NULL,	NULL,	2,	0,	'2020-08-13 21:57:44',	'2020-08-13 21:57:44',	NULL),
(16,	1,	NULL,	1,	1,	'Sydney, New South Wales',	-33.86800000,	151.21000000,	NULL,	NULL,	'[{\"item\":\"No parking\",\"answers\":[{\"que\":\"How far is a long walk?\",\"ans\":\"12\"}]},{\"item\":\"Height restraints\",\"answers\":[{\"que\":\"Haw far is a height restraints?\",\"ans\":\"22\"}]}]',	'2020-08-18 18:30:00',	'Melbourne, Victoria',	-37.81420000,	144.96320000,	NULL,	NULL,	'[{\"item\":\"Ground floor\",\"answers\":null},{\"item\":\"Narrow street\",\"answers\":[{\"que\":\"How far is a narrow street?\",\"ans\":\"23\"}]},{\"item\":\"Elevator\",\"answers\":[{\"que\":\"How many elevators are there?\",\"ans\":\"12\"}]},{\"item\":\"Stairs\",\"answers\":[{\"que\":\"how many flights of stairs are at each property?\",\"ans\":\"22\"}]}]',	'2020-08-31 18:30:00',	3,	5,	13,	18325.00,	18325.00,	0.00,	3665.00,	76.00,	'[1]',	'[]',	0,	0,	'2020-11-20 21:55:00',	'2020-11-27 22:55:00',	'2020-11-20 14:55:00',	'2020-11-21 22:55:00',	'2020-08-18 18:30:00',	NULL,	NULL,	14,	0,	'2020-08-13 21:58:48',	'2020-11-20 11:00:41',	NULL),
(17,	NULL,	NULL,	NULL,	NULL,	'Melbourne, Victoria',	-37.81420000,	144.96320000,	NULL,	NULL,	'[]',	'2020-08-15 03:41:56',	'Sydney, New South Wales',	-33.86800000,	151.21000000,	NULL,	NULL,	'[]',	'2020-08-15 03:41:56',	1,	NULL,	12,	0.00,	0.00,	0.00,	0.00,	0.00,	'[]',	'[]',	NULL,	0,	NULL,	NULL,	NULL,	NULL,	'2020-08-15 03:41:56',	NULL,	NULL,	2,	0,	'2020-08-13 22:11:56',	'2020-08-13 22:11:56',	NULL),
(18,	NULL,	NULL,	NULL,	NULL,	'Melbourne, Victoria',	-37.81420000,	144.96320000,	NULL,	NULL,	'[]',	'2020-08-15 03:49:56',	'Sydney, New South Wales',	-33.86800000,	151.21000000,	NULL,	NULL,	'[]',	'2020-08-15 03:49:56',	1,	NULL,	12,	0.00,	0.00,	0.00,	0.00,	0.00,	'[]',	'[]',	NULL,	0,	NULL,	NULL,	NULL,	NULL,	'2020-08-15 03:49:56',	NULL,	NULL,	2,	0,	'2020-08-13 22:18:39',	'2020-08-13 22:19:56',	NULL),
(19,	NULL,	NULL,	NULL,	NULL,	'Melbourne, Victoria',	-37.81420000,	144.96320000,	NULL,	NULL,	'[]',	'2020-08-15 03:53:57',	'Sydney, New South Wales',	-33.86800000,	151.21000000,	NULL,	NULL,	'[]',	'2020-08-15 03:53:57',	1,	NULL,	12,	0.00,	0.00,	0.00,	0.00,	0.00,	'[]',	'[]',	NULL,	0,	NULL,	NULL,	NULL,	NULL,	'2020-08-15 03:53:57',	NULL,	NULL,	2,	0,	'2020-08-13 22:23:57',	'2020-08-13 22:23:57',	NULL),
(20,	NULL,	NULL,	NULL,	NULL,	'Melbourne, Victoria',	-37.81420000,	144.96320000,	NULL,	NULL,	'[]',	'2020-08-15 03:55:08',	'Sydney, New South Wales',	-33.86800000,	151.21000000,	NULL,	NULL,	'[]',	'2020-08-15 03:55:08',	1,	NULL,	12,	0.00,	0.00,	0.00,	0.00,	0.00,	'[]',	'[]',	NULL,	0,	NULL,	NULL,	NULL,	NULL,	'2020-08-15 03:55:08',	NULL,	NULL,	2,	0,	'2020-08-13 22:25:08',	'2020-08-13 22:25:08',	NULL),
(21,	NULL,	NULL,	NULL,	NULL,	'Melbourne, Victoria',	-37.81420000,	144.96320000,	NULL,	NULL,	'[]',	'2020-08-15 04:07:13',	'Sydney, New South Wales',	-33.86800000,	151.21000000,	NULL,	NULL,	'[]',	'2020-08-15 04:07:13',	1,	NULL,	12,	0.00,	0.00,	0.00,	0.00,	0.00,	'[]',	'[]',	NULL,	0,	NULL,	NULL,	NULL,	NULL,	'2020-08-15 04:07:13',	NULL,	NULL,	2,	0,	'2020-08-13 22:37:13',	'2020-08-13 22:37:13',	NULL),
(22,	NULL,	NULL,	NULL,	NULL,	'Melbourne, Victoria',	-37.81420000,	144.96320000,	NULL,	NULL,	'[]',	'2020-08-15 04:07:49',	'Sydney, New South Wales',	-33.86800000,	151.21000000,	NULL,	NULL,	'[]',	'2020-08-15 04:07:49',	1,	NULL,	12,	0.00,	0.00,	0.00,	0.00,	0.00,	'[]',	'[]',	NULL,	0,	NULL,	NULL,	NULL,	NULL,	'2020-08-15 04:07:49',	NULL,	NULL,	2,	0,	'2020-08-13 22:37:49',	'2020-08-13 22:37:49',	NULL),
(23,	NULL,	NULL,	NULL,	NULL,	'Melbourne, Victoria',	-37.81420000,	144.96320000,	NULL,	NULL,	'[]',	'2020-08-15 04:14:11',	'Sydney, New South Wales',	-33.86800000,	151.21000000,	NULL,	NULL,	'[]',	'2020-08-15 04:14:11',	1,	NULL,	12,	0.00,	0.00,	0.00,	0.00,	0.00,	'[]',	'[]',	NULL,	0,	NULL,	NULL,	NULL,	NULL,	'2020-08-15 04:14:11',	NULL,	NULL,	2,	0,	'2020-08-13 22:44:11',	'2020-08-13 22:44:11',	NULL),
(24,	NULL,	NULL,	NULL,	NULL,	'Melbourne, Victoria',	-37.81420000,	144.96320000,	NULL,	NULL,	'[]',	'2020-08-15 04:15:36',	'Sydney, New South Wales',	-33.86800000,	151.21000000,	NULL,	NULL,	'[]',	'2020-08-15 04:15:36',	1,	NULL,	12,	0.00,	0.00,	0.00,	0.00,	0.00,	'[]',	'[]',	NULL,	0,	NULL,	NULL,	NULL,	NULL,	'2020-08-15 04:15:36',	NULL,	NULL,	2,	0,	'2020-08-13 22:45:36',	'2020-08-13 22:45:36',	NULL),
(25,	NULL,	NULL,	NULL,	NULL,	'Melbourne, Victoria',	-37.81420000,	144.96320000,	NULL,	NULL,	'[]',	'2020-08-15 04:21:43',	'Sydney, New South Wales',	-33.86800000,	151.21000000,	NULL,	NULL,	'[]',	'2020-08-15 04:21:43',	1,	NULL,	12,	0.00,	0.00,	0.00,	0.00,	0.00,	'[]',	'[]',	NULL,	0,	NULL,	NULL,	NULL,	NULL,	'2020-08-15 04:21:43',	NULL,	NULL,	2,	0,	'2020-08-13 22:51:43',	'2020-08-13 22:51:43',	NULL),
(26,	NULL,	NULL,	NULL,	NULL,	'Melbourne, Victoria',	-37.81420000,	144.96320000,	NULL,	NULL,	'[]',	'2020-08-15 04:22:02',	'Sydney, New South Wales',	-33.86800000,	151.21000000,	NULL,	NULL,	'[]',	'2020-08-15 04:22:02',	1,	NULL,	12,	0.00,	0.00,	0.00,	0.00,	0.00,	'[]',	'[]',	NULL,	0,	NULL,	NULL,	NULL,	NULL,	'2020-08-15 04:22:02',	NULL,	NULL,	2,	0,	'2020-08-13 22:52:02',	'2020-08-13 22:52:02',	NULL),
(27,	NULL,	NULL,	NULL,	NULL,	'Melbourne, Victoria',	-37.81420000,	144.96320000,	NULL,	NULL,	'[]',	'2020-08-15 04:58:56',	'Sydney, New South Wales',	-33.86800000,	151.21000000,	NULL,	NULL,	'[]',	'2020-08-15 04:58:56',	1,	NULL,	12,	0.00,	0.00,	0.00,	0.00,	0.00,	'[]',	'[]',	NULL,	0,	NULL,	NULL,	NULL,	NULL,	'2020-08-15 04:58:56',	NULL,	NULL,	2,	0,	'2020-08-13 23:28:56',	'2020-08-13 23:28:56',	NULL),
(28,	NULL,	NULL,	NULL,	NULL,	'Melbourne, Victoria',	-37.81420000,	144.96320000,	NULL,	NULL,	'[]',	'2020-08-15 05:40:06',	'Sydney, New South Wales',	-33.86800000,	151.21000000,	NULL,	NULL,	'[]',	'2020-08-15 05:40:06',	1,	NULL,	12,	0.00,	0.00,	0.00,	0.00,	0.00,	'[]',	'[]',	NULL,	0,	NULL,	NULL,	NULL,	NULL,	'2020-08-15 05:40:06',	NULL,	NULL,	2,	0,	'2020-08-14 00:10:06',	'2020-08-14 00:10:06',	NULL),
(29,	1,	1,	1,	1,	'Sydney, New South Wales',	-33.86800000,	151.21000000,	NULL,	NULL,	'[{\"item\":\"Elevator\",\"answers\":[{\"que\":\"How many elevators are there?\",\"ans\":\"12\"}]},{\"item\":\"Height restraints\",\"answers\":[{\"que\":\"Haw far is a height restraints?\",\"ans\":\"23\"}]}]',	'2020-08-17 18:30:00',	'Melbourne, Victoria',	-37.81420000,	144.96320000,	NULL,	NULL,	'[{\"item\":\"Elevator\",\"answers\":[{\"que\":\"How many elevators are there?\",\"ans\":\"12\"}]},{\"item\":\"Stairs\",\"answers\":[{\"que\":\"how many flights of stairs are at each property?\",\"ans\":\"23\"}]},{\"item\":\"Ground floor\",\"answers\":null}]',	'2020-08-20 00:00:00',	3,	5,	13,	31240.00,	31240.00,	0.00,	6248.00,	142.00,	'[1]',	'[{\"title\":\"Bedroom\",\"items\":[{\"item\":\"king_mattress\",\"value\":\"15\",\"volume\":null,\"custom\":false,\"order\":1}]},{\"title\":\"Custom\",\"items\":[{\"item\":\"esdfsdf\",\"value\":\"5\",\"volume\":\"25\",\"custom\":true,\"order\":16}]},{\"title\":\"Lounge\",\"items\":[{\"item\":\"bean_bag\",\"value\":\"5\",\"volume\":null,\"custom\":false,\"order\":21}]}]',	0,	0,	'2020-11-15 17:30:00',	NULL,	NULL,	'2020-11-16 05:30:00',	'2020-08-17 18:30:00',	NULL,	NULL,	14,	0,	'2020-08-14 00:10:53',	'2020-11-20 11:01:17',	NULL),
(30,	NULL,	NULL,	NULL,	NULL,	'Melbourne, Victoria',	-37.81420000,	144.96320000,	NULL,	NULL,	'[]',	'2020-08-18 05:11:14',	'Sydney, New South Wales',	-33.86800000,	151.21000000,	NULL,	NULL,	'[]',	'2020-08-18 05:11:14',	1,	NULL,	12,	0.00,	0.00,	0.00,	0.00,	0.00,	'[]',	'[]',	0,	0,	NULL,	NULL,	NULL,	NULL,	'2020-08-18 05:11:14',	NULL,	NULL,	2,	0,	'2020-08-16 23:26:07',	'2020-08-16 23:41:14',	NULL),
(31,	NULL,	NULL,	NULL,	NULL,	'Melbourne, Victoria',	-37.81420000,	144.96320000,	NULL,	NULL,	'[]',	'2020-08-18 05:26:22',	'Sydney, New South Wales',	-33.86800000,	151.21000000,	NULL,	NULL,	'[]',	'2020-08-18 05:26:22',	1,	NULL,	12,	0.00,	0.00,	0.00,	0.00,	0.00,	'[]',	'[]',	NULL,	0,	NULL,	NULL,	NULL,	NULL,	'2020-08-18 05:26:22',	NULL,	NULL,	2,	0,	'2020-08-16 23:56:22',	'2020-08-16 23:56:22',	NULL),
(32,	NULL,	NULL,	NULL,	NULL,	'Melbourne, Victoria',	-37.81420000,	144.96320000,	NULL,	NULL,	'[]',	'2020-08-18 05:47:20',	'Sydney, New South Wales',	-33.86800000,	151.21000000,	NULL,	NULL,	'[]',	'2020-08-18 05:47:20',	1,	NULL,	12,	0.00,	0.00,	0.00,	0.00,	0.00,	'[]',	'[]',	0,	0,	NULL,	NULL,	NULL,	NULL,	'2020-08-18 05:47:20',	NULL,	NULL,	3,	0,	'2020-08-17 00:12:19',	'2020-08-17 00:17:20',	NULL),
(33,	NULL,	NULL,	NULL,	NULL,	'Melbourne, Victoria',	-37.81420000,	144.96320000,	NULL,	NULL,	'[]',	'2020-08-18 05:46:08',	'Sydney, New South Wales',	-33.86800000,	151.21000000,	NULL,	NULL,	'[]',	'2020-08-18 05:46:08',	1,	NULL,	12,	0.00,	0.00,	0.00,	0.00,	0.00,	'[]',	'[]',	NULL,	0,	NULL,	NULL,	NULL,	NULL,	'2020-08-18 05:46:08',	NULL,	NULL,	2,	0,	'2020-08-17 00:13:11',	'2020-08-17 00:16:08',	NULL),
(34,	NULL,	NULL,	NULL,	NULL,	'Melbourne, Victoria',	-37.81420000,	144.96320000,	NULL,	NULL,	'[]',	'2020-08-18 05:47:58',	'Sydney, New South Wales',	-33.86800000,	151.21000000,	NULL,	NULL,	'[]',	'2020-08-18 05:47:58',	1,	NULL,	12,	0.00,	0.00,	0.00,	0.00,	0.00,	'[]',	'[]',	NULL,	0,	NULL,	NULL,	NULL,	NULL,	'2020-08-18 05:47:58',	NULL,	NULL,	2,	0,	'2020-08-17 00:17:58',	'2020-08-17 00:17:58',	NULL),
(35,	NULL,	NULL,	NULL,	NULL,	NULL,	NULL,	NULL,	NULL,	NULL,	'[]',	'2020-08-18 05:49:26',	NULL,	NULL,	NULL,	NULL,	NULL,	'[]',	'2020-08-18 05:49:26',	1,	NULL,	12,	0.00,	0.00,	0.00,	0.00,	0.00,	'[]',	'[]',	0,	0,	NULL,	NULL,	NULL,	NULL,	'2020-08-18 05:49:26',	NULL,	NULL,	4,	0,	'2020-08-17 00:19:26',	'2020-08-17 00:19:26',	NULL),
(36,	NULL,	NULL,	NULL,	NULL,	NULL,	NULL,	NULL,	NULL,	NULL,	'[]',	'2020-08-18 05:50:15',	NULL,	NULL,	NULL,	NULL,	NULL,	'[]',	'2020-08-18 05:50:15',	1,	NULL,	12,	0.00,	0.00,	0.00,	0.00,	0.00,	'[]',	'[]',	0,	0,	NULL,	NULL,	NULL,	NULL,	'2020-08-18 05:50:15',	NULL,	NULL,	4,	0,	'2020-08-17 00:20:15',	'2020-08-17 00:20:15',	NULL),
(37,	NULL,	NULL,	NULL,	NULL,	'Melbourne, Victoria',	-37.81420000,	144.96320000,	NULL,	NULL,	'[]',	'2020-08-18 05:54:26',	'Sydney, New South Wales',	-33.86800000,	151.21000000,	NULL,	NULL,	'[]',	'2020-08-18 05:54:26',	1,	NULL,	12,	0.00,	0.00,	0.00,	0.00,	0.00,	'[]',	'[]',	0,	0,	NULL,	NULL,	NULL,	NULL,	'2020-08-18 05:54:26',	NULL,	NULL,	4,	0,	'2020-08-17 00:22:24',	'2020-08-17 00:24:26',	NULL),
(38,	NULL,	NULL,	NULL,	NULL,	'Melbourne, Victoria',	-37.81420000,	144.96320000,	NULL,	NULL,	'[]',	'2020-08-18 05:52:47',	'Sydney, New South Wales',	-33.86800000,	151.21000000,	NULL,	NULL,	'[]',	'2020-08-18 05:52:47',	1,	NULL,	12,	0.00,	0.00,	0.00,	0.00,	0.00,	'[]',	'[]',	NULL,	0,	NULL,	NULL,	NULL,	NULL,	'2020-08-18 05:52:47',	NULL,	NULL,	2,	0,	'2020-08-17 00:22:47',	'2020-08-17 00:22:47',	NULL),
(39,	NULL,	NULL,	NULL,	NULL,	'Melbourne, Victoria',	-37.81420000,	144.96320000,	NULL,	NULL,	'[]',	'2020-08-18 05:53:24',	'Sydney, New South Wales',	-33.86800000,	151.21000000,	NULL,	NULL,	'[]',	'2020-08-18 05:53:24',	1,	NULL,	12,	0.00,	0.00,	0.00,	0.00,	0.00,	'[]',	'[]',	NULL,	0,	NULL,	NULL,	NULL,	NULL,	'2020-08-18 05:53:24',	NULL,	NULL,	2,	0,	'2020-08-17 00:23:24',	'2020-08-17 00:23:24',	NULL),
(40,	NULL,	NULL,	NULL,	NULL,	'Melbourne, Victoria',	-37.81420000,	144.96320000,	NULL,	NULL,	'[]',	'2020-08-18 05:53:43',	'Sydney, New South Wales',	-33.86800000,	151.21000000,	NULL,	NULL,	'[]',	'2020-08-18 05:53:43',	1,	NULL,	12,	0.00,	0.00,	0.00,	0.00,	0.00,	'[]',	'[]',	NULL,	0,	NULL,	NULL,	NULL,	NULL,	'2020-08-18 05:53:43',	NULL,	NULL,	2,	0,	'2020-08-17 00:23:43',	'2020-08-17 00:23:43',	NULL),
(41,	NULL,	NULL,	NULL,	NULL,	'Melbourne, Victoria',	-37.81420000,	144.96320000,	NULL,	NULL,	'[]',	'2020-08-18 05:59:06',	'Sydney, New South Wales',	-33.86800000,	151.21000000,	NULL,	NULL,	'[]',	'2020-08-18 05:59:06',	1,	NULL,	12,	0.00,	0.00,	0.00,	0.00,	0.00,	'[]',	'[]',	NULL,	0,	NULL,	NULL,	NULL,	NULL,	'2020-08-18 05:59:06',	NULL,	NULL,	2,	0,	'2020-08-17 00:28:39',	'2020-08-17 00:29:06',	NULL),
(42,	NULL,	NULL,	NULL,	NULL,	'Melbourne, Victoria',	-37.81420000,	144.96320000,	NULL,	NULL,	'[]',	'2020-08-18 05:59:54',	'Sydney, New South Wales',	-33.86800000,	151.21000000,	NULL,	NULL,	'[]',	'2020-08-18 05:59:54',	1,	NULL,	12,	0.00,	0.00,	0.00,	0.00,	0.00,	'[]',	'[]',	NULL,	0,	NULL,	NULL,	NULL,	NULL,	'2020-08-18 05:59:54',	NULL,	NULL,	2,	0,	'2020-08-17 00:29:55',	'2020-08-17 00:29:55',	NULL),
(43,	NULL,	NULL,	NULL,	NULL,	'Melbourne, Victoria',	-37.81420000,	144.96320000,	NULL,	NULL,	'[]',	'2020-08-18 06:22:41',	'Sydney, New South Wales',	-33.86800000,	151.21000000,	NULL,	NULL,	'[]',	'2020-08-18 06:22:41',	1,	NULL,	12,	0.00,	0.00,	0.00,	0.00,	0.00,	'[]',	'[]',	NULL,	0,	NULL,	NULL,	NULL,	NULL,	'2020-08-18 06:22:41',	NULL,	NULL,	2,	0,	'2020-08-17 00:52:41',	'2020-08-17 00:52:41',	NULL),
(44,	NULL,	NULL,	NULL,	NULL,	'Melbourne, Victoria',	-37.81420000,	144.96320000,	NULL,	NULL,	'[]',	'2020-08-18 06:24:23',	'Sydney, New South Wales',	-33.86800000,	151.21000000,	NULL,	NULL,	'[]',	'2020-08-18 06:24:23',	1,	NULL,	12,	0.00,	0.00,	0.00,	0.00,	0.00,	'[]',	'[]',	NULL,	0,	NULL,	NULL,	NULL,	NULL,	'2020-08-18 06:24:23',	NULL,	NULL,	2,	0,	'2020-08-17 00:54:03',	'2020-08-17 00:54:23',	NULL),
(45,	NULL,	NULL,	NULL,	NULL,	'Melbourne, Victoria',	-37.81420000,	144.96320000,	NULL,	NULL,	'[]',	'2020-08-18 06:26:01',	'Sydney, New South Wales',	-33.86800000,	151.21000000,	NULL,	NULL,	'[]',	'2020-08-18 06:26:01',	1,	NULL,	12,	0.00,	0.00,	0.00,	0.00,	0.00,	'[]',	'[]',	NULL,	0,	NULL,	NULL,	NULL,	NULL,	'2020-08-18 06:26:01',	NULL,	NULL,	2,	0,	'2020-08-17 00:56:01',	'2020-08-17 00:56:01',	NULL),
(46,	NULL,	NULL,	NULL,	NULL,	'Melbourne, Victoria',	-37.81420000,	144.96320000,	NULL,	NULL,	'[]',	'2020-08-18 06:26:54',	'Sydney, New South Wales',	-33.86800000,	151.21000000,	NULL,	NULL,	'[]',	'2020-08-18 06:26:54',	1,	NULL,	12,	0.00,	0.00,	0.00,	0.00,	0.00,	'[]',	'[]',	NULL,	0,	NULL,	NULL,	NULL,	NULL,	'2020-08-18 06:26:54',	NULL,	NULL,	2,	0,	'2020-08-17 00:56:54',	'2020-08-17 00:56:54',	NULL),
(47,	NULL,	NULL,	NULL,	NULL,	'Melbourne, Victoria',	-37.81420000,	144.96320000,	NULL,	NULL,	'[]',	'2020-08-18 06:35:12',	'Sydney, New South Wales',	-33.86800000,	151.21000000,	NULL,	NULL,	'[]',	'2020-08-18 06:35:12',	1,	NULL,	12,	0.00,	0.00,	0.00,	0.00,	0.00,	'[]',	'[]',	NULL,	0,	NULL,	NULL,	NULL,	NULL,	'2020-08-18 06:35:12',	NULL,	NULL,	2,	0,	'2020-08-17 00:58:24',	'2020-08-17 01:05:12',	NULL),
(48,	NULL,	NULL,	NULL,	NULL,	'Melbourne, Victoria',	-37.81420000,	144.96320000,	NULL,	NULL,	'[]',	'2020-08-18 06:52:38',	'Sydney, New South Wales',	-33.86800000,	151.21000000,	NULL,	NULL,	'[]',	'2020-08-18 06:52:38',	1,	NULL,	12,	0.00,	0.00,	0.00,	0.00,	0.00,	'[]',	'[]',	NULL,	0,	NULL,	NULL,	NULL,	NULL,	'2020-08-18 06:52:38',	NULL,	NULL,	2,	0,	'2020-08-17 01:05:42',	'2020-08-17 01:22:38',	NULL),
(49,	NULL,	NULL,	NULL,	NULL,	'Melbourne, Victoria',	-37.81420000,	144.96320000,	NULL,	NULL,	'[]',	'2020-08-18 06:51:21',	'Sydney, New South Wales',	-33.86800000,	151.21000000,	NULL,	NULL,	'[]',	'2020-08-18 06:51:21',	1,	NULL,	12,	0.00,	0.00,	0.00,	0.00,	0.00,	'[]',	'[]',	NULL,	0,	NULL,	NULL,	NULL,	NULL,	'2020-08-18 06:51:21',	NULL,	NULL,	2,	0,	'2020-08-17 01:21:21',	'2020-08-17 01:21:21',	NULL),
(50,	NULL,	NULL,	NULL,	NULL,	'Melbourne, Victoria',	-37.81420000,	144.96320000,	NULL,	NULL,	'[]',	'2020-08-18 07:09:22',	'Sydney, New South Wales',	-33.86800000,	151.21000000,	NULL,	NULL,	'[]',	'2020-08-18 07:09:22',	1,	NULL,	12,	0.00,	0.00,	0.00,	0.00,	0.00,	'[]',	'[]',	NULL,	0,	NULL,	NULL,	NULL,	NULL,	'2020-08-18 07:09:22',	NULL,	NULL,	2,	0,	'2020-08-17 01:38:20',	'2020-08-17 01:39:22',	NULL),
(51,	NULL,	NULL,	NULL,	NULL,	'Melbourne, Victoria',	-37.81420000,	144.96320000,	NULL,	NULL,	'[]',	'2020-08-18 07:33:09',	'Sydney, New South Wales',	-33.86800000,	151.21000000,	NULL,	NULL,	'[]',	'2020-08-18 07:33:09',	1,	NULL,	12,	0.00,	0.00,	0.00,	0.00,	0.00,	'[]',	'[]',	NULL,	0,	NULL,	NULL,	NULL,	NULL,	'2020-08-18 07:33:09',	NULL,	NULL,	2,	0,	'2020-08-17 02:03:09',	'2020-08-17 02:03:09',	NULL),
(52,	NULL,	NULL,	NULL,	NULL,	'Melbourne, Victoria',	-37.81420000,	144.96320000,	NULL,	NULL,	'[]',	'2020-08-18 08:40:30',	'Sydney, New South Wales',	-33.86800000,	151.21000000,	NULL,	NULL,	'[]',	'2020-08-18 08:40:30',	1,	NULL,	12,	0.00,	0.00,	0.00,	0.00,	0.00,	'[]',	'[]',	0,	0,	NULL,	NULL,	NULL,	NULL,	'2020-08-18 08:40:30',	NULL,	NULL,	3,	0,	'2020-08-17 02:03:45',	'2020-08-17 03:10:30',	NULL),
(53,	NULL,	NULL,	NULL,	NULL,	'Melbourne, Victoria',	-37.81420000,	144.96320000,	NULL,	NULL,	'[]',	'2020-08-18 08:30:24',	'Sydney, New South Wales',	-33.86800000,	151.21000000,	NULL,	NULL,	'[]',	'2020-08-18 08:30:24',	1,	NULL,	12,	0.00,	0.00,	0.00,	0.00,	0.00,	'[]',	'[]',	NULL,	0,	NULL,	NULL,	NULL,	NULL,	'2020-08-18 08:30:24',	NULL,	NULL,	2,	0,	'2020-08-17 03:00:24',	'2020-08-17 03:00:24',	NULL),
(54,	NULL,	NULL,	NULL,	NULL,	'Melbourne, Victoria',	-37.81420000,	144.96320000,	NULL,	NULL,	'[]',	'2020-08-18 08:33:52',	'Sydney, New South Wales',	-33.86800000,	151.21000000,	NULL,	NULL,	'[]',	'2020-08-18 08:33:52',	1,	NULL,	12,	0.00,	0.00,	0.00,	0.00,	0.00,	'[]',	'[]',	NULL,	0,	NULL,	NULL,	NULL,	NULL,	'2020-08-18 08:33:52',	NULL,	NULL,	2,	0,	'2020-08-17 03:03:52',	'2020-08-17 03:03:52',	NULL),
(55,	NULL,	NULL,	NULL,	NULL,	'Melbourne, Victoria',	-37.81420000,	144.96320000,	NULL,	NULL,	'[]',	'2020-08-18 08:34:42',	'Sydney, New South Wales',	-33.86800000,	151.21000000,	NULL,	NULL,	'[]',	'2020-08-18 08:34:42',	1,	NULL,	12,	0.00,	0.00,	0.00,	0.00,	0.00,	'[]',	'[]',	NULL,	0,	NULL,	NULL,	NULL,	NULL,	'2020-08-18 08:34:42',	NULL,	NULL,	2,	0,	'2020-08-17 03:04:42',	'2020-08-17 03:04:42',	NULL),
(56,	NULL,	NULL,	NULL,	NULL,	'Melbourne, Victoria',	-37.81420000,	144.96320000,	NULL,	NULL,	'[]',	'2020-08-18 08:35:01',	'Sydney, New South Wales',	-33.86800000,	151.21000000,	NULL,	NULL,	'[]',	'2020-08-18 08:35:01',	1,	NULL,	12,	0.00,	0.00,	0.00,	0.00,	0.00,	'[]',	'[]',	NULL,	0,	NULL,	NULL,	NULL,	NULL,	'2020-08-18 08:35:01',	NULL,	NULL,	2,	0,	'2020-08-17 03:05:01',	'2020-08-17 03:05:01',	NULL),
(57,	NULL,	NULL,	NULL,	NULL,	'Melbourne, Victoria',	-37.81420000,	144.96320000,	NULL,	NULL,	'[]',	'2020-08-18 08:35:21',	'Sydney, New South Wales',	-33.86800000,	151.21000000,	NULL,	NULL,	'[]',	'2020-08-18 08:35:21',	1,	NULL,	12,	0.00,	0.00,	0.00,	0.00,	0.00,	'[]',	'[]',	NULL,	0,	NULL,	NULL,	NULL,	NULL,	'2020-08-18 08:35:21',	NULL,	NULL,	2,	0,	'2020-08-17 03:05:21',	'2020-08-17 03:05:21',	NULL),
(58,	NULL,	NULL,	NULL,	NULL,	'Melbourne, Victoria',	-37.81420000,	144.96320000,	NULL,	NULL,	'[]',	'2020-08-18 08:42:55',	'Sydney, New South Wales',	-33.86800000,	151.21000000,	NULL,	NULL,	'[]',	'2020-08-18 08:42:55',	1,	NULL,	12,	0.00,	0.00,	0.00,	0.00,	0.00,	'[]',	'[]',	NULL,	0,	NULL,	NULL,	NULL,	NULL,	'2020-08-18 08:42:55',	NULL,	NULL,	2,	0,	'2020-08-17 03:12:55',	'2020-08-17 03:12:55',	NULL),
(59,	NULL,	NULL,	NULL,	NULL,	'Melbourne, Victoria',	-37.81420000,	144.96320000,	NULL,	NULL,	'[]',	'2020-08-18 08:43:22',	'Sydney, New South Wales',	-33.86800000,	151.21000000,	NULL,	NULL,	'[]',	'2020-08-18 08:43:22',	1,	NULL,	12,	0.00,	0.00,	0.00,	0.00,	0.00,	'[]',	'[]',	NULL,	0,	NULL,	NULL,	NULL,	NULL,	'2020-08-18 08:43:22',	NULL,	NULL,	2,	0,	'2020-08-17 03:13:22',	'2020-08-17 03:13:22',	NULL),
(60,	NULL,	NULL,	NULL,	NULL,	'Melbourne, Victoria',	-37.81420000,	144.96320000,	NULL,	NULL,	'[]',	'2020-08-18 09:10:04',	'Sydney, New South Wales',	-33.86800000,	151.21000000,	NULL,	NULL,	'[]',	'2020-08-18 09:10:04',	1,	NULL,	12,	0.00,	0.00,	0.00,	0.00,	0.00,	'[]',	'[]',	NULL,	0,	NULL,	NULL,	NULL,	NULL,	'2020-08-18 09:10:04',	NULL,	NULL,	2,	0,	'2020-08-17 03:40:04',	'2020-08-17 03:40:04',	NULL),
(61,	NULL,	NULL,	NULL,	NULL,	'Melbourne, Victoria',	-37.81420000,	144.96320000,	NULL,	NULL,	'[]',	'2020-08-18 09:10:46',	'Sydney, New South Wales',	-33.86800000,	151.21000000,	NULL,	NULL,	'[]',	'2020-08-18 09:10:46',	1,	NULL,	12,	0.00,	0.00,	0.00,	0.00,	0.00,	'[]',	'[]',	NULL,	0,	NULL,	NULL,	NULL,	NULL,	'2020-08-18 09:10:46',	NULL,	NULL,	2,	0,	'2020-08-17 03:40:46',	'2020-08-17 03:40:46',	NULL),
(62,	NULL,	NULL,	NULL,	NULL,	'Melbourne, Victoria',	-37.81420000,	144.96320000,	NULL,	NULL,	'[]',	'2020-08-18 09:12:42',	'Sydney, New South Wales',	-33.86800000,	151.21000000,	NULL,	NULL,	'[]',	'2020-08-18 09:12:42',	1,	NULL,	12,	0.00,	0.00,	0.00,	0.00,	0.00,	'[]',	'[]',	NULL,	0,	NULL,	NULL,	NULL,	NULL,	'2020-08-18 09:12:42',	NULL,	NULL,	2,	0,	'2020-08-17 03:42:42',	'2020-08-17 03:42:42',	NULL),
(63,	NULL,	NULL,	NULL,	NULL,	'Melbourne, Victoria',	-37.81420000,	144.96320000,	NULL,	NULL,	'[]',	'2020-08-18 09:16:36',	'Sydney, New South Wales',	-33.86800000,	151.21000000,	NULL,	NULL,	'[]',	'2020-08-18 09:16:36',	1,	NULL,	12,	0.00,	0.00,	0.00,	0.00,	0.00,	'[]',	'[]',	NULL,	0,	NULL,	NULL,	NULL,	NULL,	'2020-08-18 09:16:36',	NULL,	NULL,	2,	0,	'2020-08-17 03:46:36',	'2020-08-17 03:46:36',	NULL),
(64,	NULL,	NULL,	NULL,	NULL,	'Melbourne, Victoria',	-37.81420000,	144.96320000,	NULL,	NULL,	'[]',	'2020-08-18 09:17:54',	'Sydney, New South Wales',	-33.86800000,	151.21000000,	NULL,	NULL,	'[]',	'2020-08-18 09:17:54',	1,	NULL,	12,	0.00,	0.00,	0.00,	0.00,	0.00,	'[]',	'[]',	NULL,	0,	NULL,	NULL,	NULL,	NULL,	'2020-08-18 09:17:54',	NULL,	NULL,	2,	0,	'2020-08-17 03:47:54',	'2020-08-17 03:47:54',	NULL),
(65,	NULL,	NULL,	NULL,	NULL,	'Melbourne, Victoria',	-37.81420000,	144.96320000,	NULL,	NULL,	'[]',	'2020-08-20 09:26:39',	'Sydney, New South Wales',	-33.86800000,	151.21000000,	NULL,	NULL,	'[]',	'2020-08-20 09:26:39',	1,	NULL,	12,	0.00,	0.00,	0.00,	0.00,	0.00,	'[]',	'[]',	0,	0,	NULL,	NULL,	NULL,	NULL,	'2020-08-20 09:26:39',	NULL,	NULL,	3,	0,	'2020-08-19 03:56:21',	'2020-08-19 03:56:39',	NULL),
(66,	NULL,	NULL,	NULL,	NULL,	'Melbourne, Victoria',	-37.81420000,	144.96320000,	NULL,	NULL,	'[]',	'2020-08-20 09:28:00',	'Sydney, New South Wales',	-33.86800000,	151.21000000,	NULL,	NULL,	'[]',	'2020-08-20 09:28:00',	1,	NULL,	12,	0.00,	0.00,	0.00,	0.00,	0.00,	'[]',	'[]',	0,	0,	NULL,	NULL,	NULL,	NULL,	'2020-08-20 09:28:00',	NULL,	NULL,	3,	0,	'2020-08-19 03:58:00',	'2020-08-19 03:58:00',	NULL),
(67,	NULL,	NULL,	NULL,	NULL,	'Melbourne, Victoria',	-37.81420000,	144.96320000,	NULL,	NULL,	'[{\"item\":\"No parking\",\"answers\":[{\"que\":\"How far is a long walk?\",\"ans\":\"223\"}]}]',	'2020-08-20 09:33:23',	'Sydney, New South Wales',	-33.86800000,	151.21000000,	NULL,	NULL,	'[]',	'2020-08-20 09:33:23',	1,	NULL,	12,	0.00,	0.00,	0.00,	0.00,	35.00,	'[]',	'[]',	0,	0,	NULL,	NULL,	NULL,	NULL,	'2020-08-20 09:33:23',	NULL,	NULL,	5,	0,	'2020-08-19 03:58:56',	'2020-08-19 04:03:23',	NULL),
(68,	2,	1,	1,	1,	'Sydney, New South Wales',	-33.86800000,	151.21000000,	NULL,	NULL,	'[{\"item\":\"Height restraints\",\"answers\":[{\"que\":\"Haw far is a height restraints?\",\"ans\":\"12\"}]},{\"item\":\"Stairs\",\"answers\":[{\"que\":\"how many flights of stairs are at each property?\",\"ans\":\"2\"}]},{\"item\":\"No parking\",\"answers\":[{\"que\":\"How far is a long walk?\",\"ans\":\"25\"}]},{\"item\":\"Narrow street\",\"answers\":[{\"que\":\"How far is a narrow street?\",\"ans\":\"23\"}]}]',	'2020-10-22 00:00:00',	'Melbourne, Victoria',	-37.81420000,	144.96320000,	NULL,	NULL,	'[{\"item\":\"No parking\",\"answers\":[{\"que\":\"How far is a long walk?\",\"ans\":\"30\"}]},{\"item\":\"Elevator\",\"answers\":[{\"que\":\"How many elevators are there?\",\"ans\":\"20\"}]}]',	'2020-11-28 00:00:00',	3,	5,	13,	6089.00,	6089.00,	0.00,	1217.80,	23.00,	'[1]',	'[{\"title\":\"Bedroom\",\"items\":[{\"item\":\"king_mattress\",\"value\":5,\"volume\":null,\"custom\":false,\"order\":1},{\"item\":\"king_bed_frame\",\"value\":11,\"volume\":null,\"custom\":false,\"order\":5},{\"item\":\"single_mattress\",\"value\":\"333\",\"volume\":null,\"custom\":false,\"order\":17}]},{\"title\":\"Custom\",\"items\":[{\"item\":\"dsfsfsdfs\",\"value\":\"23\",\"volume\":\"22\",\"custom\":true,\"order\":350}]}]',	0,	0,	'2020-11-15 17:30:00',	NULL,	NULL,	'2020-11-16 05:30:00',	'2020-10-22 00:00:00',	NULL,	NULL,	14,	0,	'2020-09-02 08:01:03',	'2020-11-20 11:01:27',	NULL),
(69,	3,	NULL,	1,	1,	'Melbourne, Victoria',	-37.81420000,	144.96320000,	NULL,	NULL,	'[{\"item\":\"Height restraints\",\"answers\":[{\"que\":\"Haw far is a height restraints?\",\"ans\":\"12\"}]}]',	'2020-11-25 00:00:00',	'Sydney, New South Wales',	-33.86800000,	151.21000000,	NULL,	NULL,	'[{\"item\":\"Height restraints\",\"answers\":[{\"que\":\"Haw far is a height restraints?\",\"ans\":\"23\"}]}]',	'2020-11-27 00:00:00',	2,	5,	12,	5184.00,	5184.00,	0.00,	1036.80,	32.00,	'[1]',	'[]',	0,	0,	NULL,	NULL,	NULL,	NULL,	'2020-11-25 00:00:00',	NULL,	NULL,	2,	0,	'2020-10-21 11:26:29',	'2021-01-12 11:15:44',	NULL),
(70,	4,	NULL,	1,	1,	'Sydney, New South Wales',	-33.86800000,	151.21000000,	NULL,	NULL,	'[{\"item\":\"Height restraints\",\"answers\":[{\"que\":\"Haw far is a height restraints?\",\"ans\":\"12\"}]},{\"item\":\"Elevator\",\"answers\":[{\"que\":\"How many elevators are there?\",\"ans\":\"23\"}]}]',	'2021-01-12 18:30:00',	'Melbourne, Victoria',	-37.81420000,	144.96320000,	NULL,	NULL,	'[{\"item\":\"No parking\",\"answers\":[{\"que\":\"How far is a long walk?\",\"ans\":\"23\"}]}]',	'2021-01-14 18:30:00',	3,	5,	12,	7280.00,	7280.00,	0.00,	1456.00,	35.00,	'[1]',	'[{\"title\":\"Bedroom\",\"items\":[{\"item\":\"bassinette\",\"value\":6,\"volume\":null,\"custom\":false,\"order\":1},{\"item\":\"queen_mattress\",\"value\":7,\"volume\":null,\"custom\":false,\"order\":7},{\"item\":\"king_bed_frame\",\"value\":5,\"volume\":null,\"custom\":false,\"order\":14},{\"item\":\"double_bed_frame\",\"value\":4,\"volume\":null,\"custom\":false,\"order\":19}]}]',	0,	0,	NULL,	NULL,	NULL,	NULL,	'2021-01-12 18:30:00',	NULL,	NULL,	14,	0,	'2021-01-12 11:16:50',	'2021-01-12 11:21:22',	NULL),
(71,	5,	NULL,	1,	1,	'Sydney, New South Wales',	-33.86800000,	151.21000000,	NULL,	NULL,	'[{\"item\":\"Height restraints\",\"answers\":[{\"que\":\"Haw far is a height restraints?\",\"ans\":\"34\"}]},{\"item\":\"Elevator\",\"answers\":[{\"que\":\"How many elevators are there?\",\"ans\":\"234\"}]}]',	'2021-02-17 00:00:00',	'Melbourne, Victoria',	-37.81420000,	144.96320000,	NULL,	NULL,	'[{\"item\":\"Elevator\",\"answers\":[{\"que\":\"How many elevators are there?\",\"ans\":\"34\"}]}]',	'2021-02-19 00:00:00',	3,	5,	12,	18984.00,	18984.00,	0.00,	3796.80,	42.00,	'[1]',	'[{\"title\":\"Bedroom\",\"items\":[{\"item\":\"king_mattress\",\"value\":\"12\",\"volume\":null,\"custom\":false,\"order\":1},{\"item\":\"king_bed_frame\",\"value\":6,\"volume\":null,\"custom\":false,\"order\":7},{\"item\":\"single_bed_frame\",\"value\":4,\"volume\":null,\"custom\":false,\"order\":13},{\"item\":\"bed_queen_and_mattress\",\"value\":3,\"volume\":null,\"custom\":false,\"order\":17},{\"item\":\"bookcase\",\"value\":3,\"volume\":null,\"custom\":false,\"order\":20}]},{\"title\":\"Hall\",\"items\":[{\"item\":\"carpets_and_rugs\",\"value\":3,\"volume\":null,\"custom\":false,\"order\":23}]},{\"title\":\"Custom\",\"items\":[{\"item\":\"Just Testing\",\"value\":\"3\",\"volume\":\"22\",\"custom\":true,\"order\":26}]}]',	0,	0,	NULL,	NULL,	NULL,	NULL,	'2021-02-17 00:00:00',	NULL,	NULL,	14,	0,	'2021-02-15 13:21:00',	'2021-02-15 13:25:04',	NULL),
(72,	6,	NULL,	1,	1,	'Sydney, New South Wales',	-33.86800000,	151.21000000,	NULL,	NULL,	'[{\"item\":\"Height restraints\",\"answers\":[{\"que\":\"Haw far is a height restraints?\",\"ans\":\"12\"}]}]',	'2021-04-07 18:30:00',	'Melbourne, Victoria',	-37.81420000,	144.96320000,	NULL,	NULL,	'[{\"item\":\"Stairs\",\"answers\":[{\"que\":\"how many flights of stairs are at each property?\",\"ans\":\"12\"}]}]',	'2021-04-10 00:00:00',	3,	5,	12,	5568.00,	5568.00,	0.00,	1113.60,	32.00,	'[1]',	'[]',	0,	0,	NULL,	NULL,	NULL,	NULL,	'2021-04-07 18:30:00',	NULL,	NULL,	14,	0,	'2021-04-07 05:11:25',	'2021-04-07 05:16:54',	NULL),
(73,	7,	NULL,	1,	1,	'Melbourne, Victoria',	-37.81420000,	144.96320000,	NULL,	NULL,	'[{\"item\":\"Stairs\",\"answers\":[{\"que\":\"how many flights of stairs are at each property?\",\"ans\":\"12\"}]},{\"item\":\"Elevator\",\"answers\":[{\"que\":\"How many elevators are there?\",\"ans\":\"12\"}]}]',	'2021-04-14 18:30:00',	'Sydney, New South Wales',	-33.86800000,	151.21000000,	NULL,	NULL,	'[{\"item\":\"No parking\",\"answers\":[{\"que\":\"How far is a long walk?\",\"ans\":\"12\"}]},{\"item\":\"Stairs\",\"answers\":[{\"que\":\"how many flights of stairs are at each property?\",\"ans\":\"12\"}]}]',	'2021-04-24 18:30:00',	2,	5,	12,	4769.25,	4769.25,	0.00,	953.85,	42.00,	'[1]',	'[{\"title\":\"Bedroom\",\"items\":[{\"item\":\"king_mattress\",\"value\":\"2\",\"volume\":null,\"custom\":false,\"order\":1},{\"item\":\"king_bed_frame\",\"value\":\"22\",\"volume\":null,\"custom\":false,\"order\":3}]}]',	0,	0,	NULL,	NULL,	NULL,	NULL,	'2021-04-14 18:30:00',	NULL,	NULL,	5,	0,	'2021-04-07 05:17:16',	'2021-05-20 06:16:32',	NULL),
(74,	8,	NULL,	1,	1,	'Sydney, New South Wales',	-33.86800000,	151.21000000,	NULL,	NULL,	'[{\"item\":\"Stairs\",\"answers\":[{\"que\":\"how many flights of stairs are at each property?\",\"ans\":\"12\"}]}]',	'2021-05-25 18:30:00',	'Melbourne, Victoria',	-37.81420000,	144.96320000,	NULL,	NULL,	'[{\"item\":\"Narrow street\",\"answers\":[{\"que\":\"How far is a narrow street?\",\"ans\":\"6\"}]}]',	'2021-05-28 00:00:00',	3,	5,	12,	5376.00,	5376.00,	0.00,	1075.20,	32.00,	'[1]',	'[]',	0,	0,	NULL,	NULL,	NULL,	NULL,	'2021-05-25 18:30:00',	NULL,	NULL,	14,	0,	'2021-05-20 06:18:37',	'2021-05-20 06:19:49',	NULL),
(75,	9,	NULL,	1,	1,	'Sydney, New South Wales',	-33.86800000,	151.21000000,	NULL,	NULL,	'[{\"item\":\"Stairs\",\"answers\":[{\"que\":\"how many flights of stairs are at each property?\",\"ans\":\"1\"}]}]',	'2021-06-28 18:30:00',	'Melbourne, Victoria',	-37.81420000,	144.96320000,	NULL,	NULL,	'[{\"item\":\"Stairs\",\"answers\":[{\"que\":\"how many flights of stairs are at each property?\",\"ans\":\"1\"}]}]',	'2021-07-01 00:00:00',	3,	5,	12,	6384.00,	6384.00,	0.00,	1276.80,	42.00,	'[1]',	'[{\"title\":\"Bedroom\",\"items\":[{\"item\":\"king_mattress\",\"value\":1,\"volume\":null,\"custom\":false,\"order\":1},{\"item\":\"queen_mattress\",\"value\":1,\"volume\":null,\"custom\":false,\"order\":2},{\"item\":\"king_bed_frame\",\"value\":1,\"volume\":null,\"custom\":false,\"order\":3}]}]',	0,	0,	NULL,	NULL,	NULL,	NULL,	'2021-06-28 18:30:00',	NULL,	NULL,	14,	0,	'2021-05-21 23:57:53',	'2021-06-27 22:33:54',	NULL),
(76,	10,	NULL,	1,	1,	'Sydney, New South Wales',	-33.86800000,	151.21000000,	NULL,	NULL,	'[{\"item\":\"Elevator\",\"answers\":[{\"que\":\"How many elevators are there?\",\"ans\":\"1\"}]}]',	'2021-06-28 18:30:00',	'Melbourne, Victoria',	-37.81420000,	144.96320000,	NULL,	NULL,	'[{\"item\":\"Elevator\",\"answers\":[{\"que\":\"How many elevators are there?\",\"ans\":\"1\"}]}]',	'2021-06-30 18:30:00',	3,	5,	12,	4864.00,	4864.00,	0.00,	972.80,	32.00,	'[1]',	'[{\"title\":\"Bedroom\",\"items\":[{\"item\":\"bassinette\",\"value\":1,\"volume\":null,\"custom\":false,\"order\":1}]}]',	0,	0,	NULL,	NULL,	NULL,	NULL,	'2021-06-28 18:30:00',	NULL,	NULL,	14,	0,	'2021-06-27 23:05:07',	'2021-06-27 23:09:19',	NULL),
(77,	7,	NULL,	1,	1,	'Sydney, New South Wales',	-33.86800000,	151.21000000,	NULL,	NULL,	'[{\"item\":\"Elevator\",\"answers\":[{\"que\":\"How many elevators are there?\",\"ans\":\"10\"}]}]',	'2021-08-03 18:30:00',	'Melbourne, Victoria',	-37.81420000,	144.96320000,	NULL,	NULL,	'[{\"item\":\"Stairs\",\"answers\":[{\"que\":\"how many flights of stairs are at each property?\",\"ans\":\"12\"}]}]',	'2021-08-06 00:00:00',	3,	5,	12,	6020.00,	6020.00,	0.00,	1204.00,	35.00,	'[1]',	'[{\"title\":\"Bedroom\",\"items\":[{\"item\":\"queen_mattress\",\"value\":\"20\",\"volume\":null,\"custom\":false,\"order\":2},{\"item\":\"king_mattress\",\"value\":\"12\",\"volume\":null,\"custom\":false,\"order\":3},{\"item\":\"double_mattress\",\"value\":1,\"volume\":null,\"custom\":false,\"order\":53}]},{\"title\":\"Kitchen\",\"items\":[{\"item\":\"chair_kitchen\",\"value\":1,\"volume\":null,\"custom\":false,\"order\":34},{\"item\":\"dishwasher\",\"value\":1,\"volume\":null,\"custom\":false,\"order\":35},{\"item\":\"freezer\",\"value\":\"2\",\"volume\":null,\"custom\":false,\"order\":36},{\"item\":\"microwave\",\"value\":1,\"volume\":null,\"custom\":false,\"order\":37}]}]',	0,	0,	NULL,	NULL,	NULL,	NULL,	'2021-08-03 18:30:00',	NULL,	NULL,	14,	0,	'2021-07-27 02:09:09',	'2021-08-02 01:59:41',	NULL),
(78,	NULL,	NULL,	NULL,	NULL,	'Sydney, New South Wales',	-33.86800000,	151.21000000,	NULL,	NULL,	'[]',	'2021-08-03 07:34:11',	'Melbourne, Victoria',	-37.81420000,	144.96320000,	NULL,	NULL,	'[]',	'2021-08-03 07:34:11',	1,	NULL,	12,	0.00,	0.00,	0.00,	0.00,	0.00,	'[]',	'[]',	NULL,	0,	NULL,	NULL,	NULL,	NULL,	'2021-08-03 07:34:11',	NULL,	NULL,	2,	0,	'2021-08-02 02:04:11',	'2021-08-02 02:04:11',	NULL);

DROP TABLE IF EXISTS `notifications`;
CREATE TABLE `notifications` (
  `id` bigint unsigned NOT NULL AUTO_INCREMENT,
  `company_id` bigint unsigned DEFAULT NULL,
  `text` varchar(500) CHARACTER SET utf8mb4 COLLATE utf8mb4_unicode_ci DEFAULT NULL,
  `created_at` timestamp NULL DEFAULT NULL,
  `updated_at` timestamp NULL DEFAULT NULL,
  `deleted_at` timestamp NULL DEFAULT NULL,
  PRIMARY KEY (`id`)
) ENGINE=InnoDB DEFAULT CHARSET=utf8mb4 COLLATE=utf8mb4_unicode_ci;

INSERT INTO `notifications` (`id`, `company_id`, `text`, `created_at`, `updated_at`, `deleted_at`) VALUES
(1,	1,	'New job requested for the removal',	'2020-08-06 01:58:16',	'2020-08-06 02:04:27',	NULL),
(2,	1,	'New job requested for the removal',	'2020-08-06 01:58:35',	'2020-08-06 02:04:27',	NULL),
(3,	1,	'New job requested for the removal',	'2020-08-06 02:00:28',	'2020-08-06 02:04:27',	NULL),
(4,	1,	'New job requested for the removal',	'2020-08-06 02:01:09',	'2020-08-06 02:04:27',	NULL),
(5,	1,	'New job requested for the removal',	'2020-08-06 02:03:58',	'2020-08-06 02:04:27',	NULL),
(6,	1,	'New job requested for the removal',	'2020-08-06 07:37:54',	'2020-08-06 07:37:54',	NULL),
(7,	1,	'New job requested for the removal',	'2020-08-13 22:06:47',	'2020-08-13 22:06:47',	NULL),
(8,	1,	'New job requested for the removal',	'2020-08-14 00:14:15',	'2020-08-14 00:14:15',	NULL),
(9,	1,	'New job requested for the removal',	'2020-08-14 00:28:21',	'2020-08-14 00:28:21',	NULL),
(10,	1,	'New job requested for the removal',	'2020-10-21 11:25:10',	'2020-10-21 11:25:10',	NULL),
(11,	1,	'New job requested for the removal',	'2021-01-12 11:21:22',	'2021-01-12 11:21:22',	NULL),
(12,	1,	'New job requested for the removal',	'2021-02-15 13:25:04',	'2021-02-15 13:25:04',	NULL),
(13,	1,	'New job requested for the removal',	'2021-04-07 05:16:54',	'2021-04-07 05:16:54',	NULL),
(14,	1,	'New job requested for the removal',	'2021-05-20 06:19:49',	'2021-05-20 06:19:49',	NULL),
(15,	1,	'New job requested for the removal',	'2021-06-27 22:33:54',	'2021-06-27 22:33:54',	NULL),
(16,	1,	'New job requested for the removal',	'2021-06-27 23:09:19',	'2021-06-27 23:09:19',	NULL),
(17,	1,	'New job requested for the removal',	'2021-08-02 01:59:41',	'2021-08-02 01:59:41',	NULL);

DROP TABLE IF EXISTS `oauth_access_tokens`;
CREATE TABLE `oauth_access_tokens` (
  `id` varchar(100) CHARACTER SET utf8mb4 COLLATE utf8mb4_unicode_ci NOT NULL,
  `user_id` bigint unsigned DEFAULT NULL,
  `client_id` bigint unsigned NOT NULL,
  `name` varchar(191) CHARACTER SET utf8mb4 COLLATE utf8mb4_unicode_ci DEFAULT NULL,
  `scopes` text CHARACTER SET utf8mb4 COLLATE utf8mb4_unicode_ci,
  `revoked` tinyint(1) NOT NULL,
  `created_at` timestamp NULL DEFAULT NULL,
  `updated_at` timestamp NULL DEFAULT NULL,
  `expires_at` datetime DEFAULT NULL,
  PRIMARY KEY (`id`),
  KEY `oauth_access_tokens_user_id_index` (`user_id`)
) ENGINE=InnoDB DEFAULT CHARSET=utf8mb4 COLLATE=utf8mb4_unicode_ci;


DROP TABLE IF EXISTS `oauth_auth_codes`;
CREATE TABLE `oauth_auth_codes` (
  `id` varchar(100) CHARACTER SET utf8mb4 COLLATE utf8mb4_unicode_ci NOT NULL,
  `user_id` bigint unsigned NOT NULL,
  `client_id` bigint unsigned NOT NULL,
  `scopes` text CHARACTER SET utf8mb4 COLLATE utf8mb4_unicode_ci,
  `revoked` tinyint(1) NOT NULL,
  `expires_at` datetime DEFAULT NULL,
  PRIMARY KEY (`id`),
  KEY `oauth_auth_codes_user_id_index` (`user_id`)
) ENGINE=InnoDB DEFAULT CHARSET=utf8mb4 COLLATE=utf8mb4_unicode_ci;


DROP TABLE IF EXISTS `oauth_clients`;
CREATE TABLE `oauth_clients` (
  `id` bigint unsigned NOT NULL AUTO_INCREMENT,
  `user_id` bigint unsigned DEFAULT NULL,
  `name` varchar(191) CHARACTER SET utf8mb4 COLLATE utf8mb4_unicode_ci NOT NULL,
  `secret` varchar(100) CHARACTER SET utf8mb4 COLLATE utf8mb4_unicode_ci DEFAULT NULL,
  `provider` varchar(191) CHARACTER SET utf8mb4 COLLATE utf8mb4_unicode_ci DEFAULT NULL,
  `redirect` text CHARACTER SET utf8mb4 COLLATE utf8mb4_unicode_ci NOT NULL,
  `personal_access_client` tinyint(1) NOT NULL,
  `password_client` tinyint(1) NOT NULL,
  `revoked` tinyint(1) NOT NULL,
  `created_at` timestamp NULL DEFAULT NULL,
  `updated_at` timestamp NULL DEFAULT NULL,
  PRIMARY KEY (`id`),
  KEY `oauth_clients_user_id_index` (`user_id`)
) ENGINE=InnoDB DEFAULT CHARSET=utf8mb4 COLLATE=utf8mb4_unicode_ci;


DROP TABLE IF EXISTS `oauth_personal_access_clients`;
CREATE TABLE `oauth_personal_access_clients` (
  `id` bigint unsigned NOT NULL AUTO_INCREMENT,
  `client_id` bigint unsigned NOT NULL,
  `created_at` timestamp NULL DEFAULT NULL,
  `updated_at` timestamp NULL DEFAULT NULL,
  PRIMARY KEY (`id`)
) ENGINE=InnoDB DEFAULT CHARSET=utf8mb4 COLLATE=utf8mb4_unicode_ci;


DROP TABLE IF EXISTS `oauth_refresh_tokens`;
CREATE TABLE `oauth_refresh_tokens` (
  `id` varchar(100) CHARACTER SET utf8mb4 COLLATE utf8mb4_unicode_ci NOT NULL,
  `access_token_id` varchar(100) CHARACTER SET utf8mb4 COLLATE utf8mb4_unicode_ci NOT NULL,
  `revoked` tinyint(1) NOT NULL,
  `expires_at` datetime DEFAULT NULL,
  PRIMARY KEY (`id`)
) ENGINE=InnoDB DEFAULT CHARSET=utf8mb4 COLLATE=utf8mb4_unicode_ci;


DROP TABLE IF EXISTS `password_resets`;
CREATE TABLE `password_resets` (
  `email` varchar(191) CHARACTER SET utf8mb4 COLLATE utf8mb4_unicode_ci NOT NULL,
  `token` varchar(191) CHARACTER SET utf8mb4 COLLATE utf8mb4_unicode_ci NOT NULL,
  `created_at` timestamp NULL DEFAULT NULL,
  KEY `password_resets_email_index` (`email`)
) ENGINE=InnoDB DEFAULT CHARSET=utf8mb4 COLLATE=utf8mb4_unicode_ci;


DROP TABLE IF EXISTS `payments`;
CREATE TABLE `payments` (
  `id` bigint unsigned NOT NULL AUTO_INCREMENT,
  `customer_id` bigint unsigned NOT NULL,
  `move_id` bigint unsigned NOT NULL,
  `method` tinyint NOT NULL,
  `response` text CHARACTER SET utf8mb4 COLLATE utf8mb4_unicode_ci NOT NULL,
  `type` tinyint NOT NULL,
  `amount` decimal(10,2) NOT NULL,
  `created_at` timestamp NULL DEFAULT NULL,
  `updated_at` timestamp NULL DEFAULT NULL,
  `deleted_at` timestamp NULL DEFAULT NULL,
  PRIMARY KEY (`id`)
) ENGINE=InnoDB DEFAULT CHARSET=utf8mb4 COLLATE=utf8mb4_unicode_ci;


DROP TABLE IF EXISTS `permissions`;
CREATE TABLE `permissions` (
  `id` bigint unsigned NOT NULL AUTO_INCREMENT,
  `name` varchar(50) CHARACTER SET utf8mb4 COLLATE utf8mb4_unicode_ci NOT NULL,
  `route_name` varchar(100) CHARACTER SET utf8mb4 COLLATE utf8mb4_unicode_ci NOT NULL,
  `created_by` bigint unsigned NOT NULL,
  `is_company` tinyint NOT NULL,
  `created_at` timestamp NULL DEFAULT NULL,
  `updated_at` timestamp NULL DEFAULT NULL,
  `deleted_at` timestamp NULL DEFAULT NULL,
  PRIMARY KEY (`id`)
) ENGINE=InnoDB DEFAULT CHARSET=utf8mb4 COLLATE=utf8mb4_unicode_ci;

INSERT INTO `permissions` (`id`, `name`, `route_name`, `created_by`, `is_company`, `created_at`, `updated_at`, `deleted_at`) VALUES
(1,	'User Management',	'user',	1,	1,	'2020-08-06 00:44:40',	'2020-08-06 00:44:40',	NULL),
(2,	'Company Management',	'company',	1,	1,	'2020-08-06 00:44:40',	'2020-08-06 00:44:40',	NULL),
(3,	'Lane Management',	'lane',	1,	1,	'2020-08-06 00:44:40',	'2020-08-06 00:44:40',	NULL),
(4,	'Depot Management',	'depot',	1,	1,	'2020-08-06 00:44:40',	'2020-08-06 00:44:40',	NULL),
(5,	'Move Management',	'move',	1,	1,	'2020-08-06 00:44:40',	'2020-08-06 00:44:40',	NULL),
(6,	'Deal Management',	'deal',	1,	1,	'2020-08-06 00:44:40',	'2020-08-06 00:44:40',	NULL),
(7,	'Ancillary Service Management',	'ancillaryservice',	1,	1,	'2020-08-06 00:44:40',	'2020-08-06 00:44:40',	NULL),
(8,	'Trip Management',	'trip',	1,	1,	'2020-08-06 00:44:41',	'2020-08-06 00:44:41',	NULL),
(9,	'User Action Management',	'useraction',	1,	1,	'2020-08-06 00:44:41',	'2020-08-06 00:44:41',	NULL),
(10,	'Customer Management',	'customer',	1,	1,	'2020-08-06 00:44:41',	'2020-08-06 00:44:41',	NULL),
(11,	'Configuration Management',	'configuration',	1,	1,	'2020-08-06 00:44:41',	'2020-08-06 00:44:41',	NULL),
(12,	'Job Schedule Management',	'schedule-job',	1,	1,	'2020-08-06 00:44:41',	'2020-08-06 00:44:41',	NULL),
(13,	'Local Management',	'local',	1,	1,	'2020-08-06 00:44:41',	'2020-08-06 00:44:41',	NULL),
(14,	'Fleet Management',	'truck',	1,	1,	'2020-08-06 00:44:41',	'2020-08-06 00:44:41',	NULL);

DROP TABLE IF EXISTS `role_permission`;
CREATE TABLE `role_permission` (
  `id` bigint unsigned NOT NULL AUTO_INCREMENT,
  `role_id` bigint unsigned NOT NULL,
  `permission_id` bigint unsigned NOT NULL,
  `created_at` timestamp NULL DEFAULT NULL,
  `updated_at` timestamp NULL DEFAULT NULL,
  PRIMARY KEY (`id`)
) ENGINE=InnoDB DEFAULT CHARSET=utf8mb4 COLLATE=utf8mb4_unicode_ci;

INSERT INTO `role_permission` (`id`, `role_id`, `permission_id`, `created_at`, `updated_at`) VALUES
(1,	1,	1,	NULL,	NULL),
(2,	1,	2,	NULL,	NULL),
(3,	1,	3,	NULL,	NULL),
(4,	1,	4,	NULL,	NULL),
(5,	1,	5,	NULL,	NULL),
(6,	1,	6,	NULL,	NULL),
(7,	1,	7,	NULL,	NULL),
(8,	1,	8,	NULL,	NULL),
(9,	1,	9,	NULL,	NULL),
(10,	1,	10,	NULL,	NULL),
(11,	1,	11,	NULL,	NULL),
(12,	1,	12,	NULL,	NULL),
(13,	1,	13,	NULL,	NULL),
(14,	1,	14,	NULL,	NULL);

DROP TABLE IF EXISTS `roles`;
CREATE TABLE `roles` (
  `id` bigint unsigned NOT NULL AUTO_INCREMENT,
  `name` varchar(50) CHARACTER SET utf8mb4 COLLATE utf8mb4_unicode_ci NOT NULL,
  `description` text CHARACTER SET utf8mb4 COLLATE utf8mb4_unicode_ci NOT NULL,
  `created_by` bigint unsigned NOT NULL,
  `created_at` timestamp NULL DEFAULT NULL,
  `updated_at` timestamp NULL DEFAULT NULL,
  `deleted_at` timestamp NULL DEFAULT NULL,
  PRIMARY KEY (`id`)
) ENGINE=InnoDB DEFAULT CHARSET=utf8mb4 COLLATE=utf8mb4_unicode_ci;

INSERT INTO `roles` (`id`, `name`, `description`, `created_by`, `created_at`, `updated_at`, `deleted_at`) VALUES
(1,	'Administrator',	'Administrator',	3,	'2020-08-06 00:44:41',	'2020-08-06 00:44:41',	NULL);

DROP TABLE IF EXISTS `trucks`;
CREATE TABLE `trucks` (
  `id` bigint unsigned NOT NULL AUTO_INCREMENT,
  `company_id` bigint unsigned NOT NULL,
  `name` varchar(255) CHARACTER SET utf8mb4 COLLATE utf8mb4_unicode_ci NOT NULL,
  `description` text CHARACTER SET utf8mb4 COLLATE utf8mb4_unicode_ci NOT NULL,
  `capacity` int unsigned DEFAULT NULL,
  `created_by` bigint unsigned NOT NULL,
  `created_at` timestamp NULL DEFAULT NULL,
  `updated_at` timestamp NULL DEFAULT NULL,
  `deleted_at` timestamp NULL DEFAULT NULL,
  PRIMARY KEY (`id`),
  KEY `trucks_company_id_foreign` (`company_id`),
  CONSTRAINT `trucks_company_id_foreign` FOREIGN KEY (`company_id`) REFERENCES `companies` (`id`) ON DELETE RESTRICT ON UPDATE RESTRICT
) ENGINE=InnoDB DEFAULT CHARSET=utf8mb4 COLLATE=utf8mb4_unicode_ci;

INSERT INTO `trucks` (`id`, `company_id`, `name`, `description`, `capacity`, `created_by`, `created_at`, `updated_at`, `deleted_at`) VALUES
(1,	1,	'Truck 1',	'Testing Truck2',	1200,	2,	'2020-08-06 01:05:47',	'2020-08-06 01:08:32',	NULL),
(2,	1,	'Truck 2',	'Truck 2 desc',	122,	1,	'2021-08-07 07:29:33',	'2021-08-07 07:29:33',	NULL),
(3,	1,	'Truck 3333',	'Truck 3 desc 333',	12233,	2,	'2021-08-07 07:29:59',	'2021-08-09 11:27:21',	'2021-08-09 11:27:21'),
(4,	1,	'Truck 4',	'Truck 3 desc',	122,	2,	'2021-08-07 07:30:05',	'2021-08-07 03:23:27',	'2021-08-07 03:23:27'),
(5,	1,	'Truck 5',	'Truck 3 desc',	122,	2,	'2021-08-07 07:30:05',	'2021-08-07 03:21:28',	'2021-08-07 03:21:28'),
(6,	1,	'Truck 6',	'Truck 3 desc',	122,	2,	'2021-08-07 07:30:06',	'2021-08-07 03:04:17',	'2021-08-07 03:04:17'),
(7,	1,	'Test',	'Testing',	122,	1,	'2021-08-09 12:13:44',	'2021-08-09 12:13:44',	NULL);

DROP TABLE IF EXISTS `user_actions`;
CREATE TABLE `user_actions` (
  `id` bigint unsigned NOT NULL AUTO_INCREMENT,
  `user_id` int unsigned NOT NULL,
  `parent_id` int unsigned DEFAULT NULL,
  `action_module` varchar(191) CHARACTER SET utf8mb4 COLLATE utf8mb4_unicode_ci DEFAULT NULL,
  `role` tinyint NOT NULL,
  `ip` varchar(100) CHARACTER SET utf8mb4 COLLATE utf8mb4_unicode_ci NOT NULL,
  `user_client` varchar(200) CHARACTER SET utf8mb4 COLLATE utf8mb4_unicode_ci NOT NULL,
  `title` varchar(100) CHARACTER SET utf8mb4 COLLATE utf8mb4_unicode_ci NOT NULL,
  `message` text CHARACTER SET utf8mb4 COLLATE utf8mb4_unicode_ci NOT NULL,
  `created_at` timestamp NULL DEFAULT NULL,
  `updated_at` timestamp NULL DEFAULT NULL,
  `deleted_at` timestamp NULL DEFAULT NULL,
  PRIMARY KEY (`id`)
) ENGINE=InnoDB DEFAULT CHARSET=utf8mb4 COLLATE=utf8mb4_unicode_ci;

INSERT INTO `user_actions` (`id`, `user_id`, `parent_id`, `action_module`, `role`, `ip`, `user_client`, `title`, `message`, `created_at`, `updated_at`, `deleted_at`) VALUES
(1,	2,	NULL,	'lane',	1,	'127.0.0.1',	'Mozilla/5.0 (X11; Ubuntu; Linux x86_64; rv:74.0) Gecko/20100101 Firefox/74.0',	'Lane Viewed',	'Viewed Lane Listing',	'2020-08-06 01:00:44',	'2020-08-06 01:00:44',	NULL),
(2,	2,	NULL,	'trip',	1,	'127.0.0.1',	'Mozilla/5.0 (X11; Ubuntu; Linux x86_64; rv:74.0) Gecko/20100101 Firefox/74.0',	'Trip Viewed',	'Viewed Trip Listing',	'2020-08-06 01:00:44',	'2020-08-06 01:00:44',	NULL),
(3,	2,	1,	'company',	1,	'127.0.0.1',	'Mozilla/5.0 (X11; Ubuntu; Linux x86_64; rv:74.0) Gecko/20100101 Firefox/74.0',	'Company Management Updated',	'Company Management <a href=\"/company/1/edit\" target=\"_blank\">Cronin, Stamm and Jacobi</a> has been updated',	'2020-08-06 01:03:21',	'2020-08-06 01:03:21',	NULL),
(4,	2,	NULL,	'lane',	1,	'127.0.0.1',	'Mozilla/5.0 (X11; Ubuntu; Linux x86_64; rv:74.0) Gecko/20100101 Firefox/74.0',	'Lane Viewed',	'Viewed Lane Listing',	'2020-08-06 01:03:56',	'2020-08-06 01:03:56',	NULL),
(5,	2,	NULL,	'trip',	1,	'127.0.0.1',	'Mozilla/5.0 (X11; Ubuntu; Linux x86_64; rv:74.0) Gecko/20100101 Firefox/74.0',	'Trip Viewed',	'Viewed Trip Listing',	'2020-08-06 01:03:56',	'2020-08-06 01:03:56',	NULL),
(6,	2,	NULL,	'truck',	1,	'127.0.0.1',	'Mozilla/5.0 (X11; Ubuntu; Linux x86_64; rv:74.0) Gecko/20100101 Firefox/74.0',	'Truck Viewed',	'Viewed Truck Listing',	'2020-08-06 01:04:58',	'2020-08-06 01:04:58',	NULL),
(7,	2,	1,	'truck',	1,	'127.0.0.1',	'Mozilla/5.0 (X11; Ubuntu; Linux x86_64; rv:74.0) Gecko/20100101 Firefox/74.0',	'Truck created',	'Truck <a href=\"/truck/1/edit\" target=\"_blank\">Truck 1 </a> has been created',	'2020-08-06 01:05:48',	'2020-08-06 01:05:48',	NULL),
(8,	2,	NULL,	'truck',	1,	'127.0.0.1',	'Mozilla/5.0 (X11; Ubuntu; Linux x86_64; rv:74.0) Gecko/20100101 Firefox/74.0',	'Truck Viewed',	'Viewed Truck Listing',	'2020-08-06 01:05:48',	'2020-08-06 01:05:48',	NULL),
(9,	2,	1,	'truck',	1,	'127.0.0.1',	'Mozilla/5.0 (X11; Ubuntu; Linux x86_64; rv:74.0) Gecko/20100101 Firefox/74.0',	'Truck Viewed',	'Truck <a href=\"/truck/1\" target=\"_blank\">Truck 1</a> has been viewed',	'2020-08-06 01:08:02',	'2020-08-06 01:08:02',	NULL),
(10,	2,	1,	'truck',	1,	'127.0.0.1',	'Mozilla/5.0 (X11; Ubuntu; Linux x86_64; rv:74.0) Gecko/20100101 Firefox/74.0',	'Truck Viewed',	'Truck <a href=\"/truck/1\" target=\"_blank\">Truck 1</a> has been viewed',	'2020-08-06 01:08:14',	'2020-08-06 01:08:14',	NULL),
(11,	2,	1,	'truck',	1,	'127.0.0.1',	'Mozilla/5.0 (X11; Ubuntu; Linux x86_64; rv:74.0) Gecko/20100101 Firefox/74.0',	'Truck Updated',	'Truck <a href=\"/truck/1/edit\" target=\"_blank\">Truck 1</a> has been updated',	'2020-08-06 01:08:32',	'2020-08-06 01:08:32',	NULL),
(12,	2,	NULL,	'truck',	1,	'127.0.0.1',	'Mozilla/5.0 (X11; Ubuntu; Linux x86_64; rv:74.0) Gecko/20100101 Firefox/74.0',	'Truck Viewed',	'Viewed Truck Listing',	'2020-08-06 01:08:32',	'2020-08-06 01:08:32',	NULL),
(13,	2,	1,	'lane',	1,	'127.0.0.1',	'Mozilla/5.0 (X11; Ubuntu; Linux x86_64; rv:74.0) Gecko/20100101 Firefox/74.0',	'Lane created',	'Lane <a href=\"/lane/1/edit\" target=\"_blank\">Sydney, New South Wales, Australia </a> has been created',	'2020-08-06 01:20:29',	'2020-08-06 01:20:29',	NULL),
(14,	2,	NULL,	'lane',	1,	'127.0.0.1',	'Mozilla/5.0 (X11; Ubuntu; Linux x86_64; rv:74.0) Gecko/20100101 Firefox/74.0',	'Lane Viewed',	'Viewed Lane Listing',	'2020-08-06 01:20:34',	'2020-08-06 01:20:34',	NULL),
(15,	2,	NULL,	'trip',	1,	'127.0.0.1',	'Mozilla/5.0 (X11; Ubuntu; Linux x86_64; rv:74.0) Gecko/20100101 Firefox/74.0',	'Trip Viewed',	'Viewed Trip Listing',	'2020-08-06 01:20:34',	'2020-08-06 01:20:34',	NULL),
(16,	2,	2,	'lane',	1,	'127.0.0.1',	'Mozilla/5.0 (X11; Ubuntu; Linux x86_64; rv:74.0) Gecko/20100101 Firefox/74.0',	'Lane created',	'Lane <a href=\"/lane/2/edit\" target=\"_blank\">Melbourne, Victoria, Australia </a> has been created',	'2020-08-06 01:33:27',	'2020-08-06 01:33:27',	NULL),
(17,	2,	NULL,	'lane',	1,	'127.0.0.1',	'Mozilla/5.0 (X11; Ubuntu; Linux x86_64; rv:74.0) Gecko/20100101 Firefox/74.0',	'Lane Viewed',	'Viewed Lane Listing',	'2020-08-06 01:33:41',	'2020-08-06 01:33:41',	NULL),
(18,	2,	NULL,	'trip',	1,	'127.0.0.1',	'Mozilla/5.0 (X11; Ubuntu; Linux x86_64; rv:74.0) Gecko/20100101 Firefox/74.0',	'Trip Viewed',	'Viewed Trip Listing',	'2020-08-06 01:33:41',	'2020-08-06 01:33:41',	NULL),
(19,	2,	3,	'lane',	1,	'127.0.0.1',	'Mozilla/5.0 (X11; Ubuntu; Linux x86_64; rv:74.0) Gecko/20100101 Firefox/74.0',	'Lane created',	'Lane <a href=\"/lane/3/edit\" target=\"_blank\">Sydney, New South Wales, Australia </a> has been created',	'2020-08-06 01:34:49',	'2020-08-06 01:34:49',	NULL),
(20,	2,	NULL,	'lane',	1,	'127.0.0.1',	'Mozilla/5.0 (X11; Ubuntu; Linux x86_64; rv:74.0) Gecko/20100101 Firefox/74.0',	'Lane Viewed',	'Viewed Lane Listing',	'2020-08-06 01:35:01',	'2020-08-06 01:35:01',	NULL),
(21,	2,	NULL,	'trip',	1,	'127.0.0.1',	'Mozilla/5.0 (X11; Ubuntu; Linux x86_64; rv:74.0) Gecko/20100101 Firefox/74.0',	'Trip Viewed',	'Viewed Trip Listing',	'2020-08-06 01:35:01',	'2020-08-06 01:35:01',	NULL),
(22,	2,	1,	'move',	1,	'127.0.0.1',	'Mozilla/5.0 (X11; Ubuntu; Linux x86_64; rv:74.0) Gecko/20100101 Firefox/74.0',	'Move Viewed',	'Move <a href=\"/move/1\" target=\"_blank\">Melbourne, Victoria</a> has been viewed',	'2020-08-06 02:08:01',	'2020-08-06 02:08:01',	NULL),
(23,	2,	1,	'move',	1,	'127.0.0.1',	'Mozilla/5.0 (X11; Ubuntu; Linux x86_64; rv:74.0) Gecko/20100101 Firefox/74.0',	'Move Viewed',	'Move <a href=\"/move/1\" target=\"_blank\">Melbourne, Victoria</a> has been viewed',	'2020-08-06 02:11:31',	'2020-08-06 02:11:31',	NULL),
(24,	2,	1,	'move',	1,	'127.0.0.1',	'Mozilla/5.0 (X11; Ubuntu; Linux x86_64; rv:74.0) Gecko/20100101 Firefox/74.0',	'Move Accepted',	'Move <a href=\"/move/1\" target=\"_blank\">Melbourne, Victoria</a> has been Accepted',	'2020-08-06 02:32:16',	'2020-08-06 02:32:16',	NULL),
(25,	2,	1,	'move',	1,	'127.0.0.1',	'Mozilla/5.0 (X11; Ubuntu; Linux x86_64; rv:74.0) Gecko/20100101 Firefox/74.0',	'Move Viewed',	'Move <a href=\"/move/1\" target=\"_blank\">Melbourne, Victoria</a> has been viewed',	'2020-08-06 02:32:16',	'2020-08-06 02:32:16',	NULL),
(26,	2,	1,	'move',	1,	'127.0.0.1',	'Mozilla/5.0 (X11; Ubuntu; Linux x86_64; rv:74.0) Gecko/20100101 Firefox/74.0',	'Move Viewed',	'Move <a href=\"/move/1\" target=\"_blank\">Melbourne, Victoria</a> has been viewed',	'2020-08-06 02:32:40',	'2020-08-06 02:32:40',	NULL),
(27,	2,	NULL,	'move',	1,	'127.0.0.1',	'Mozilla/5.0 (X11; Ubuntu; Linux x86_64; rv:74.0) Gecko/20100101 Firefox/74.0',	'Move Viewed',	'Viewed Move Listing',	'2020-08-06 02:32:45',	'2020-08-06 02:32:45',	NULL),
(28,	2,	1,	'move',	1,	'127.0.0.1',	'Mozilla/5.0 (X11; Ubuntu; Linux x86_64; rv:74.0) Gecko/20100101 Firefox/74.0',	'Move Viewed',	'Move <a href=\"/move/1\" target=\"_blank\">Melbourne, Victoria</a> has been viewed',	'2020-08-06 02:32:50',	'2020-08-06 02:32:50',	NULL),
(29,	2,	NULL,	'move',	1,	'127.0.0.1',	'Mozilla/5.0 (X11; Ubuntu; Linux x86_64; rv:74.0) Gecko/20100101 Firefox/74.0',	'Move Viewed',	'Viewed Move Listing',	'2020-08-06 02:35:14',	'2020-08-06 02:35:14',	NULL),
(30,	2,	NULL,	'move',	1,	'127.0.0.1',	'Mozilla/5.0 (X11; Ubuntu; Linux x86_64; rv:74.0) Gecko/20100101 Firefox/74.0',	'Move Viewed',	'Viewed Move Listing',	'2020-08-06 02:35:22',	'2020-08-06 02:35:22',	NULL),
(31,	2,	1,	'move',	1,	'127.0.0.1',	'Mozilla/5.0 (X11; Ubuntu; Linux x86_64; rv:74.0) Gecko/20100101 Firefox/74.0',	'Move Viewed',	'Move <a href=\"/move/1\" target=\"_blank\">Melbourne, Victoria</a> has been viewed',	'2020-08-06 02:35:27',	'2020-08-06 02:35:27',	NULL),
(32,	2,	NULL,	'depot',	1,	'127.0.0.1',	'Mozilla/5.0 (X11; Ubuntu; Linux x86_64; rv:74.0) Gecko/20100101 Firefox/74.0',	'Depot Viewed',	'Viewed Depot Listing',	'2020-08-06 02:35:37',	'2020-08-06 02:35:37',	NULL),
(33,	2,	NULL,	'depot',	1,	'127.0.0.1',	'Mozilla/5.0 (X11; Ubuntu; Linux x86_64; rv:74.0) Gecko/20100101 Firefox/74.0',	'Depot Viewed',	'Viewed Depot Listing',	'2020-08-06 02:35:43',	'2020-08-06 02:35:43',	NULL),
(34,	2,	NULL,	'depot',	1,	'127.0.0.1',	'Mozilla/5.0 (X11; Ubuntu; Linux x86_64; rv:74.0) Gecko/20100101 Firefox/74.0',	'Depot Viewed',	'Viewed Depot Listing',	'2020-08-06 02:35:44',	'2020-08-06 02:35:44',	NULL),
(35,	2,	1,	'depot',	1,	'127.0.0.1',	'Mozilla/5.0 (X11; Ubuntu; Linux x86_64; rv:74.0) Gecko/20100101 Firefox/74.0',	'Depot created',	'Depot <a href=\"/depot/1/edit\" target=\"_blank\">Sydney, New South Wales, Australia </a> has been created',	'2020-08-06 02:36:01',	'2020-08-06 02:36:01',	NULL),
(36,	2,	NULL,	'depot',	1,	'127.0.0.1',	'Mozilla/5.0 (X11; Ubuntu; Linux x86_64; rv:74.0) Gecko/20100101 Firefox/74.0',	'Depot Viewed',	'Viewed Depot Listing',	'2020-08-06 02:36:01',	'2020-08-06 02:36:01',	NULL),
(37,	2,	NULL,	'local',	1,	'127.0.0.1',	'Mozilla/5.0 (X11; Ubuntu; Linux x86_64; rv:74.0) Gecko/20100101 Firefox/74.0',	'Local Viewed',	'Viewed Local Listing',	'2020-08-06 02:36:10',	'2020-08-06 02:36:10',	NULL),
(38,	2,	NULL,	'local',	1,	'127.0.0.1',	'Mozilla/5.0 (X11; Ubuntu; Linux x86_64; rv:74.0) Gecko/20100101 Firefox/74.0',	'Local Viewed',	'Viewed Local Listing',	'2020-08-06 02:39:25',	'2020-08-06 02:39:25',	NULL),
(39,	2,	NULL,	'local',	1,	'127.0.0.1',	'Mozilla/5.0 (X11; Ubuntu; Linux x86_64; rv:74.0) Gecko/20100101 Firefox/74.0',	'Local Viewed',	'Viewed Local Listing',	'2020-08-06 02:40:24',	'2020-08-06 02:40:24',	NULL),
(40,	2,	NULL,	'local',	1,	'127.0.0.1',	'Mozilla/5.0 (X11; Ubuntu; Linux x86_64; rv:74.0) Gecko/20100101 Firefox/74.0',	'Local Viewed',	'Viewed Local Listing',	'2020-08-06 02:41:21',	'2020-08-06 02:41:21',	NULL),
(41,	2,	1,	'local',	1,	'127.0.0.1',	'Mozilla/5.0 (X11; Ubuntu; Linux x86_64; rv:74.0) Gecko/20100101 Firefox/74.0',	'Local created',	'Local <a href=\"/local/1/edit\" target=\"_blank\">12 </a> has been created',	'2020-08-06 02:42:01',	'2020-08-06 02:42:01',	NULL),
(42,	2,	NULL,	'local',	1,	'127.0.0.1',	'Mozilla/5.0 (X11; Ubuntu; Linux x86_64; rv:74.0) Gecko/20100101 Firefox/74.0',	'Local Viewed',	'Viewed Local Listing',	'2020-08-06 02:42:01',	'2020-08-06 02:42:01',	NULL),
(43,	2,	NULL,	'local',	1,	'127.0.0.1',	'Mozilla/5.0 (X11; Ubuntu; Linux x86_64; rv:74.0) Gecko/20100101 Firefox/74.0',	'Local Viewed',	'Viewed Local Listing',	'2020-08-06 02:42:52',	'2020-08-06 02:42:52',	NULL),
(44,	2,	NULL,	'local',	1,	'127.0.0.1',	'Mozilla/5.0 (X11; Ubuntu; Linux x86_64; rv:74.0) Gecko/20100101 Firefox/74.0',	'Local Viewed',	'Viewed Local Listing',	'2020-08-06 02:44:07',	'2020-08-06 02:44:07',	NULL),
(45,	2,	2,	'local',	1,	'127.0.0.1',	'Mozilla/5.0 (X11; Ubuntu; Linux x86_64; rv:74.0) Gecko/20100101 Firefox/74.0',	'Local created',	'Local <a href=\"/local/2/edit\" target=\"_blank\">23 </a> has been created',	'2020-08-06 02:44:27',	'2020-08-06 02:44:27',	NULL),
(46,	2,	NULL,	'local',	1,	'127.0.0.1',	'Mozilla/5.0 (X11; Ubuntu; Linux x86_64; rv:74.0) Gecko/20100101 Firefox/74.0',	'Local Viewed',	'Viewed Local Listing',	'2020-08-06 02:44:27',	'2020-08-06 02:44:27',	NULL),
(47,	2,	NULL,	'local',	1,	'127.0.0.1',	'Mozilla/5.0 (X11; Ubuntu; Linux x86_64; rv:74.0) Gecko/20100101 Firefox/74.0',	'Local Viewed',	'Viewed Local Listing',	'2020-08-06 02:44:33',	'2020-08-06 02:44:33',	NULL),
(48,	2,	NULL,	'local',	1,	'127.0.0.1',	'Mozilla/5.0 (X11; Ubuntu; Linux x86_64; rv:74.0) Gecko/20100101 Firefox/74.0',	'Local Viewed',	'Viewed Local Listing',	'2020-08-06 02:46:19',	'2020-08-06 02:46:19',	NULL),
(49,	2,	NULL,	'local',	1,	'127.0.0.1',	'Mozilla/5.0 (X11; Ubuntu; Linux x86_64; rv:74.0) Gecko/20100101 Firefox/74.0',	'Local Viewed',	'Viewed Local Listing',	'2020-08-06 02:46:57',	'2020-08-06 02:46:57',	NULL),
(50,	2,	NULL,	'local',	1,	'127.0.0.1',	'Mozilla/5.0 (X11; Ubuntu; Linux x86_64; rv:74.0) Gecko/20100101 Firefox/74.0',	'Local Viewed',	'Viewed Local Listing',	'2020-08-06 02:49:23',	'2020-08-06 02:49:23',	NULL),
(51,	2,	2,	'local',	1,	'127.0.0.1',	'Mozilla/5.0 (X11; Ubuntu; Linux x86_64; rv:74.0) Gecko/20100101 Firefox/74.0',	'Local Viewed',	'Local <a href=\"/local/2\" target=\"_blank\">32</a> has been viewed',	'2020-08-06 02:49:28',	'2020-08-06 02:49:28',	NULL),
(52,	2,	NULL,	'local',	1,	'127.0.0.1',	'Mozilla/5.0 (X11; Ubuntu; Linux x86_64; rv:74.0) Gecko/20100101 Firefox/74.0',	'Local Viewed',	'Viewed Local Listing',	'2020-08-06 02:51:19',	'2020-08-06 02:51:19',	NULL),
(53,	2,	NULL,	'local',	1,	'127.0.0.1',	'Mozilla/5.0 (X11; Ubuntu; Linux x86_64; rv:74.0) Gecko/20100101 Firefox/74.0',	'Local Viewed',	'Viewed Local Listing',	'2020-08-06 02:51:47',	'2020-08-06 02:51:47',	NULL),
(54,	2,	NULL,	'local',	1,	'127.0.0.1',	'Mozilla/5.0 (X11; Ubuntu; Linux x86_64; rv:74.0) Gecko/20100101 Firefox/74.0',	'Local Viewed',	'Viewed Local Listing',	'2020-08-06 02:52:24',	'2020-08-06 02:52:24',	NULL),
(55,	2,	NULL,	'local',	1,	'127.0.0.1',	'Mozilla/5.0 (X11; Ubuntu; Linux x86_64; rv:74.0) Gecko/20100101 Firefox/74.0',	'Local Viewed',	'Viewed Local Listing',	'2020-08-06 02:54:36',	'2020-08-06 02:54:36',	NULL),
(56,	2,	NULL,	'local',	1,	'127.0.0.1',	'Mozilla/5.0 (X11; Ubuntu; Linux x86_64; rv:74.0) Gecko/20100101 Firefox/74.0',	'Local Viewed',	'Viewed Local Listing',	'2020-08-06 02:55:28',	'2020-08-06 02:55:28',	NULL),
(57,	2,	NULL,	'local',	1,	'127.0.0.1',	'Mozilla/5.0 (X11; Ubuntu; Linux x86_64; rv:74.0) Gecko/20100101 Firefox/74.0',	'Local Viewed',	'Viewed Local Listing',	'2020-08-06 02:56:10',	'2020-08-06 02:56:10',	NULL),
(58,	2,	NULL,	'local',	1,	'127.0.0.1',	'Mozilla/5.0 (X11; Ubuntu; Linux x86_64; rv:74.0) Gecko/20100101 Firefox/74.0',	'Local Viewed',	'Viewed Local Listing',	'2020-08-06 02:56:16',	'2020-08-06 02:56:16',	NULL),
(59,	2,	1,	'local',	1,	'127.0.0.1',	'Mozilla/5.0 (X11; Ubuntu; Linux x86_64; rv:74.0) Gecko/20100101 Firefox/74.0',	'Local Viewed',	'Local <a href=\"/local/1\" target=\"_blank\">21</a> has been viewed',	'2020-08-06 02:56:31',	'2020-08-06 02:56:31',	NULL),
(60,	2,	NULL,	'local',	1,	'127.0.0.1',	'Mozilla/5.0 (X11; Ubuntu; Linux x86_64; rv:74.0) Gecko/20100101 Firefox/74.0',	'Local Viewed',	'Viewed Local Listing',	'2020-08-06 02:56:34',	'2020-08-06 02:56:34',	NULL),
(61,	2,	NULL,	'truck',	1,	'127.0.0.1',	'Mozilla/5.0 (X11; Ubuntu; Linux x86_64; rv:74.0) Gecko/20100101 Firefox/74.0',	'Truck Viewed',	'Viewed Truck Listing',	'2020-08-06 02:56:39',	'2020-08-06 02:56:39',	NULL),
(62,	2,	NULL,	'lane',	1,	'127.0.0.1',	'Mozilla/5.0 (X11; Ubuntu; Linux x86_64; rv:74.0) Gecko/20100101 Firefox/74.0',	'Lane Viewed',	'Viewed Lane Listing',	'2020-08-06 02:56:50',	'2020-08-06 02:56:50',	NULL),
(63,	2,	NULL,	'trip',	1,	'127.0.0.1',	'Mozilla/5.0 (X11; Ubuntu; Linux x86_64; rv:74.0) Gecko/20100101 Firefox/74.0',	'Trip Viewed',	'Viewed Trip Listing',	'2020-08-06 02:56:50',	'2020-08-06 02:56:50',	NULL),
(64,	2,	NULL,	'lane',	1,	'127.0.0.1',	'Mozilla/5.0 (X11; Ubuntu; Linux x86_64; rv:74.0) Gecko/20100101 Firefox/74.0',	'Lane Viewed',	'Viewed Lane Listing',	'2020-08-06 02:58:02',	'2020-08-06 02:58:02',	NULL),
(65,	2,	NULL,	'trip',	1,	'127.0.0.1',	'Mozilla/5.0 (X11; Ubuntu; Linux x86_64; rv:74.0) Gecko/20100101 Firefox/74.0',	'Trip Viewed',	'Viewed Trip Listing',	'2020-08-06 02:58:02',	'2020-08-06 02:58:02',	NULL),
(66,	2,	NULL,	'lane',	1,	'127.0.0.1',	'Mozilla/5.0 (X11; Ubuntu; Linux x86_64; rv:74.0) Gecko/20100101 Firefox/74.0',	'Lane Viewed',	'Viewed Lane Listing',	'2020-08-06 03:10:45',	'2020-08-06 03:10:45',	NULL),
(67,	2,	NULL,	'trip',	1,	'127.0.0.1',	'Mozilla/5.0 (X11; Ubuntu; Linux x86_64; rv:74.0) Gecko/20100101 Firefox/74.0',	'Trip Viewed',	'Viewed Trip Listing',	'2020-08-06 03:10:45',	'2020-08-06 03:10:45',	NULL),
(68,	2,	NULL,	'user',	1,	'127.0.0.1',	'Mozilla/5.0 (X11; Ubuntu; Linux x86_64; rv:74.0) Gecko/20100101 Firefox/74.0',	'User Management Viewed',	'Viewed User Management Listing',	'2020-08-06 03:11:45',	'2020-08-06 03:11:45',	NULL),
(69,	2,	NULL,	'user',	1,	'127.0.0.1',	'Mozilla/5.0 (X11; Ubuntu; Linux x86_64; rv:74.0) Gecko/20100101 Firefox/74.0',	'User Management Viewed',	'Viewed User Management Listing',	'2020-08-06 03:13:00',	'2020-08-06 03:13:00',	NULL),
(70,	2,	NULL,	'move',	1,	'127.0.0.1',	'Mozilla/5.0 (X11; Ubuntu; Linux x86_64; rv:74.0) Gecko/20100101 Firefox/74.0',	'Move Viewed',	'Viewed Move Listing',	'2020-08-06 03:13:34',	'2020-08-06 03:13:34',	NULL),
(71,	2,	1,	'move',	1,	'127.0.0.1',	'Mozilla/5.0 (X11; Ubuntu; Linux x86_64; rv:74.0) Gecko/20100101 Firefox/74.0',	'Move Viewed',	'Move <a href=\"/move/1\" target=\"_blank\">Melbourne, Victoria</a> has been viewed',	'2020-08-06 03:13:47',	'2020-08-06 03:13:47',	NULL),
(72,	2,	NULL,	'user',	1,	'127.0.0.1',	'Mozilla/5.0 (X11; Ubuntu; Linux x86_64; rv:74.0) Gecko/20100101 Firefox/74.0',	'User Management Viewed',	'Viewed User Management Listing',	'2020-08-06 03:14:50',	'2020-08-06 03:14:50',	NULL),
(73,	2,	1,	'move',	1,	'127.0.0.1',	'Mozilla/5.0 (X11; Ubuntu; Linux x86_64; rv:74.0) Gecko/20100101 Firefox/74.0',	'Move Accepted',	'Move <a href=\"/move/1\" target=\"_blank\">Melbourne, Victoria</a> has been Accepted',	'2020-08-06 07:33:37',	'2020-08-06 07:33:37',	NULL),
(74,	2,	1,	'move',	1,	'127.0.0.1',	'Mozilla/5.0 (X11; Ubuntu; Linux x86_64; rv:74.0) Gecko/20100101 Firefox/74.0',	'Move Accepted',	'Move <a href=\"/move/1\" target=\"_blank\">Melbourne, Victoria</a> has been Accepted',	'2020-08-06 07:35:14',	'2020-08-06 07:35:14',	NULL),
(75,	2,	1,	'move',	1,	'127.0.0.1',	'Mozilla/5.0 (X11; Ubuntu; Linux x86_64; rv:74.0) Gecko/20100101 Firefox/74.0',	'Move Accepted',	'Move <a href=\"/move/1\" target=\"_blank\">Melbourne, Victoria</a> has been Accepted',	'2020-08-06 07:38:25',	'2020-08-06 07:38:25',	NULL),
(76,	2,	NULL,	'local',	1,	'127.0.0.1',	'Mozilla/5.0 (X11; Ubuntu; Linux x86_64; rv:74.0) Gecko/20100101 Firefox/74.0',	'Local Viewed',	'Viewed Local Listing',	'2020-08-06 22:45:30',	'2020-08-06 22:45:30',	NULL),
(77,	2,	NULL,	'lane',	1,	'127.0.0.1',	'Mozilla/5.0 (X11; Ubuntu; Linux x86_64; rv:74.0) Gecko/20100101 Firefox/74.0',	'Lane Viewed',	'Viewed Lane Listing',	'2020-08-06 22:45:35',	'2020-08-06 22:45:35',	NULL),
(78,	2,	NULL,	'trip',	1,	'127.0.0.1',	'Mozilla/5.0 (X11; Ubuntu; Linux x86_64; rv:74.0) Gecko/20100101 Firefox/74.0',	'Trip Viewed',	'Viewed Trip Listing',	'2020-08-06 22:45:35',	'2020-08-06 22:45:35',	NULL),
(79,	2,	NULL,	'lane',	1,	'127.0.0.1',	'Mozilla/5.0 (X11; Linux x86_64) AppleWebKit/537.36 (KHTML, like Gecko) Chrome/80.0.3987.106 Safari/537.36',	'Lane Viewed',	'Viewed Lane Listing',	'2020-08-07 04:44:56',	'2020-08-07 04:44:56',	NULL),
(80,	2,	NULL,	'trip',	1,	'127.0.0.1',	'Mozilla/5.0 (X11; Linux x86_64) AppleWebKit/537.36 (KHTML, like Gecko) Chrome/80.0.3987.106 Safari/537.36',	'Trip Viewed',	'Viewed Trip Listing',	'2020-08-07 04:44:56',	'2020-08-07 04:44:56',	NULL),
(81,	2,	14,	'trip',	1,	'127.0.0.1',	'Mozilla/5.0 (X11; Linux x86_64) AppleWebKit/537.36 (KHTML, like Gecko) Chrome/80.0.3987.106 Safari/537.36',	'Trip created',	'Trip <a href=\"/trip/14/edit\" target=\"_blank\">Melbourne, Victoria, Australia </a> has been created',	'2020-08-07 05:19:37',	'2020-08-07 05:19:37',	NULL),
(82,	2,	NULL,	'lane',	1,	'127.0.0.1',	'Mozilla/5.0 (X11; Linux x86_64) AppleWebKit/537.36 (KHTML, like Gecko) Chrome/80.0.3987.106 Safari/537.36',	'Lane Viewed',	'Viewed Lane Listing',	'2020-08-07 05:19:37',	'2020-08-07 05:19:37',	NULL),
(83,	2,	NULL,	'trip',	1,	'127.0.0.1',	'Mozilla/5.0 (X11; Linux x86_64) AppleWebKit/537.36 (KHTML, like Gecko) Chrome/80.0.3987.106 Safari/537.36',	'Trip Viewed',	'Viewed Trip Listing',	'2020-08-07 05:19:37',	'2020-08-07 05:19:37',	NULL),
(84,	2,	NULL,	'depot',	1,	'127.0.0.1',	'Mozilla/5.0 (X11; Linux x86_64) AppleWebKit/537.36 (KHTML, like Gecko) Chrome/80.0.3987.106 Safari/537.36',	'Depot Viewed',	'Viewed Depot Listing',	'2020-08-20 02:55:55',	'2020-08-20 02:55:55',	NULL),
(85,	2,	NULL,	'move',	1,	'127.0.0.1',	'Mozilla/5.0 (X11; Linux x86_64) AppleWebKit/537.36 (KHTML, like Gecko) Chrome/80.0.3987.106 Safari/537.36',	'Move Viewed',	'Viewed Move Listing',	'2020-08-20 02:55:57',	'2020-08-20 02:55:57',	NULL),
(86,	2,	2,	'move',	1,	'127.0.0.1',	'Mozilla/5.0 (X11; Linux x86_64) AppleWebKit/537.36 (KHTML, like Gecko) Chrome/80.0.3987.106 Safari/537.36',	'Move Viewed',	'Move <a href=\"/move/2\" target=\"_blank\">Sydney, New South Wales</a> has been viewed',	'2020-08-20 02:55:59',	'2020-08-20 02:55:59',	NULL),
(87,	2,	NULL,	'local',	1,	'127.0.0.1',	'Mozilla/5.0 (X11; Linux x86_64) AppleWebKit/537.36 (KHTML, like Gecko) Chrome/80.0.3987.106 Safari/537.36',	'Local Viewed',	'Viewed Local Listing',	'2020-08-20 02:56:21',	'2020-08-20 02:56:21',	NULL),
(88,	2,	NULL,	'lane',	1,	'127.0.0.1',	'Mozilla/5.0 (X11; Linux x86_64) AppleWebKit/537.36 (KHTML, like Gecko) Chrome/80.0.3987.106 Safari/537.36',	'Lane Viewed',	'Viewed Lane Listing',	'2020-08-20 02:56:23',	'2020-08-20 02:56:23',	NULL),
(89,	2,	NULL,	'trip',	1,	'127.0.0.1',	'Mozilla/5.0 (X11; Linux x86_64) AppleWebKit/537.36 (KHTML, like Gecko) Chrome/80.0.3987.106 Safari/537.36',	'Trip Viewed',	'Viewed Trip Listing',	'2020-08-20 02:56:23',	'2020-08-20 02:56:23',	NULL),
(90,	2,	NULL,	'move',	1,	'127.0.0.1',	'Mozilla/5.0 (X11; Linux x86_64) AppleWebKit/537.36 (KHTML, like Gecko) Chrome/84.0.4147.135 Safari/537.36',	'Move Viewed',	'Viewed Move Listing',	'2020-08-25 18:13:40',	'2020-08-25 18:13:40',	NULL),
(91,	1,	NULL,	'move',	1,	'127.0.0.1',	'Mozilla/5.0 (X11; Linux x86_64) AppleWebKit/537.36 (KHTML, like Gecko) Chrome/84.0.4147.135 Safari/537.36',	'Move Viewed',	'Viewed Move Listing',	'2020-08-25 18:14:00',	'2020-08-25 18:14:00',	NULL),
(92,	1,	NULL,	'depot',	1,	'127.0.0.1',	'Mozilla/5.0 (X11; Linux x86_64) AppleWebKit/537.36 (KHTML, like Gecko) Chrome/84.0.4147.135 Safari/537.36',	'Depot Viewed',	'Viewed Depot Listing',	'2020-08-25 18:14:05',	'2020-08-25 18:14:05',	NULL),
(93,	1,	NULL,	'move',	1,	'127.0.0.1',	'Mozilla/5.0 (X11; Linux x86_64) AppleWebKit/537.36 (KHTML, like Gecko) Chrome/84.0.4147.135 Safari/537.36',	'Move Viewed',	'Viewed Move Listing',	'2020-08-25 18:36:47',	'2020-08-25 18:36:47',	NULL),
(94,	1,	NULL,	'move',	1,	'127.0.0.1',	'Mozilla/5.0 (X11; Linux x86_64) AppleWebKit/537.36 (KHTML, like Gecko) Chrome/84.0.4147.135 Safari/537.36',	'Move Viewed',	'Viewed Move Listing',	'2020-08-25 20:49:19',	'2020-08-25 20:49:19',	NULL),
(95,	1,	NULL,	'move',	1,	'127.0.0.1',	'Mozilla/5.0 (X11; Linux x86_64) AppleWebKit/537.36 (KHTML, like Gecko) Chrome/84.0.4147.135 Safari/537.36',	'Move Viewed',	'Viewed Move Listing',	'2020-08-25 20:57:51',	'2020-08-25 20:57:51',	NULL),
(96,	1,	NULL,	'ancillaryservice',	1,	'127.0.0.1',	'Mozilla/5.0 (X11; Linux x86_64) AppleWebKit/537.36 (KHTML, like Gecko) Chrome/84.0.4147.135 Safari/537.36',	'Ancillary Service Viewed',	'Viewed Ancillary Service Listing',	'2020-08-26 00:11:46',	'2020-08-26 00:11:46',	NULL),
(97,	1,	NULL,	'lane',	1,	'127.0.0.1',	'Mozilla/5.0 (X11; Linux x86_64) AppleWebKit/537.36 (KHTML, like Gecko) Chrome/84.0.4147.135 Safari/537.36',	'Lane Viewed',	'Viewed Lane Listing',	'2020-08-26 10:13:10',	'2020-08-26 10:13:10',	NULL),
(98,	1,	NULL,	'trip',	1,	'127.0.0.1',	'Mozilla/5.0 (X11; Linux x86_64) AppleWebKit/537.36 (KHTML, like Gecko) Chrome/84.0.4147.135 Safari/537.36',	'Trip Viewed',	'Viewed Trip Listing',	'2020-08-26 10:13:10',	'2020-08-26 10:13:10',	NULL),
(99,	1,	NULL,	'lane',	1,	'127.0.0.1',	'Mozilla/5.0 (X11; Linux x86_64) AppleWebKit/537.36 (KHTML, like Gecko) Chrome/84.0.4147.135 Safari/537.36',	'Lane Viewed',	'Viewed Lane Listing',	'2020-08-28 05:29:31',	'2020-08-28 05:29:31',	NULL),
(100,	1,	NULL,	'trip',	1,	'127.0.0.1',	'Mozilla/5.0 (X11; Linux x86_64) AppleWebKit/537.36 (KHTML, like Gecko) Chrome/84.0.4147.135 Safari/537.36',	'Trip Viewed',	'Viewed Trip Listing',	'2020-08-28 05:29:31',	'2020-08-28 05:29:31',	NULL),
(101,	1,	NULL,	'lane',	1,	'127.0.0.1',	'Mozilla/5.0 (X11; Linux x86_64) AppleWebKit/537.36 (KHTML, like Gecko) Chrome/84.0.4147.135 Safari/537.36',	'Lane Viewed',	'Viewed Lane Listing',	'2020-08-28 06:34:38',	'2020-08-28 06:34:38',	NULL),
(102,	1,	NULL,	'trip',	1,	'127.0.0.1',	'Mozilla/5.0 (X11; Linux x86_64) AppleWebKit/537.36 (KHTML, like Gecko) Chrome/84.0.4147.135 Safari/537.36',	'Trip Viewed',	'Viewed Trip Listing',	'2020-08-28 06:34:38',	'2020-08-28 06:34:38',	NULL),
(103,	1,	1,	'lane',	1,	'127.0.0.1',	'Mozilla/5.0 (X11; Linux x86_64) AppleWebKit/537.36 (KHTML, like Gecko) Chrome/84.0.4147.135 Safari/537.36',	'Lane Viewed',	'Lane <a href=\"/lane/1\" target=\"_blank\">Sydney, New South Wales, Australia</a> has been viewed',	'2020-08-28 06:34:41',	'2020-08-28 06:34:41',	NULL),
(104,	2,	NULL,	'move',	1,	'127.0.0.1',	'Mozilla/5.0 (X11; Linux x86_64) AppleWebKit/537.36 (KHTML, like Gecko) Chrome/84.0.4147.135 Safari/537.36',	'Move Viewed',	'Viewed Move Listing',	'2020-09-04 00:25:04',	'2020-09-04 00:25:04',	NULL),
(105,	2,	NULL,	'move',	1,	'127.0.0.1',	'Mozilla/5.0 (X11; Linux x86_64) AppleWebKit/537.36 (KHTML, like Gecko) Chrome/84.0.4147.135 Safari/537.36',	'Move Viewed',	'Viewed Move Listing',	'2020-09-04 04:55:50',	'2020-09-04 04:55:50',	NULL),
(106,	2,	NULL,	'move',	1,	'127.0.0.1',	'Mozilla/5.0 (X11; Linux x86_64) AppleWebKit/537.36 (KHTML, like Gecko) Chrome/84.0.4147.135 Safari/537.36',	'Move Viewed',	'Viewed Move Listing',	'2020-09-04 04:55:52',	'2020-09-04 04:55:52',	NULL),
(107,	2,	NULL,	'lane',	1,	'127.0.0.1',	'Mozilla/5.0 (X11; Linux x86_64) AppleWebKit/537.36 (KHTML, like Gecko) Chrome/84.0.4147.135 Safari/537.36',	'Lane Viewed',	'Viewed Lane Listing',	'2020-09-04 04:56:17',	'2020-09-04 04:56:17',	NULL),
(108,	2,	NULL,	'trip',	1,	'127.0.0.1',	'Mozilla/5.0 (X11; Linux x86_64) AppleWebKit/537.36 (KHTML, like Gecko) Chrome/84.0.4147.135 Safari/537.36',	'Trip Viewed',	'Viewed Trip Listing',	'2020-09-04 04:56:17',	'2020-09-04 04:56:17',	NULL),
(109,	2,	NULL,	'move',	1,	'127.0.0.1',	'Mozilla/5.0 (X11; Linux x86_64) AppleWebKit/537.36 (KHTML, like Gecko) Chrome/84.0.4147.135 Safari/537.36',	'Move Viewed',	'Viewed Move Listing',	'2020-09-04 05:09:28',	'2020-09-04 05:09:28',	NULL),
(110,	1,	NULL,	'lane',	1,	'127.0.0.1',	'Mozilla/5.0 (X11; Linux x86_64) AppleWebKit/537.36 (KHTML, like Gecko) Chrome/84.0.4147.135 Safari/537.36',	'Lane Viewed',	'Viewed Lane Listing',	'2020-09-05 09:39:49',	'2020-09-05 09:39:49',	NULL),
(111,	1,	NULL,	'trip',	1,	'127.0.0.1',	'Mozilla/5.0 (X11; Linux x86_64) AppleWebKit/537.36 (KHTML, like Gecko) Chrome/84.0.4147.135 Safari/537.36',	'Trip Viewed',	'Viewed Trip Listing',	'2020-09-05 09:39:49',	'2020-09-05 09:39:49',	NULL),
(112,	1,	NULL,	'lane',	1,	'127.0.0.1',	'Mozilla/5.0 (X11; Linux x86_64) AppleWebKit/537.36 (KHTML, like Gecko) Chrome/84.0.4147.135 Safari/537.36',	'Lane Viewed',	'Viewed Lane Listing',	'2020-09-05 23:02:59',	'2020-09-05 23:02:59',	NULL),
(113,	1,	NULL,	'trip',	1,	'127.0.0.1',	'Mozilla/5.0 (X11; Linux x86_64) AppleWebKit/537.36 (KHTML, like Gecko) Chrome/84.0.4147.135 Safari/537.36',	'Trip Viewed',	'Viewed Trip Listing',	'2020-09-05 23:02:59',	'2020-09-05 23:02:59',	NULL),
(114,	1,	NULL,	'move',	1,	'127.0.0.1',	'Mozilla/5.0 (X11; Ubuntu; Linux x86_64; rv:74.0) Gecko/20100101 Firefox/74.0',	'Move Viewed',	'Viewed Move Listing',	'2020-09-16 09:24:52',	'2020-09-16 09:24:52',	NULL),
(115,	1,	NULL,	'move',	1,	'127.0.0.1',	'Mozilla/5.0 (X11; Ubuntu; Linux x86_64; rv:74.0) Gecko/20100101 Firefox/74.0',	'Move Viewed',	'Viewed Move Listing',	'2020-09-16 16:08:48',	'2020-09-16 16:08:48',	NULL),
(116,	1,	NULL,	'depot',	1,	'127.0.0.1',	'Mozilla/5.0 (X11; Ubuntu; Linux x86_64; rv:74.0) Gecko/20100101 Firefox/74.0',	'Depot Viewed',	'Viewed Depot Listing',	'2020-09-16 16:37:22',	'2020-09-16 16:37:22',	NULL),
(117,	1,	NULL,	'depot',	1,	'127.0.0.1',	'Mozilla/5.0 (X11; Ubuntu; Linux x86_64; rv:74.0) Gecko/20100101 Firefox/74.0',	'Depot Viewed',	'Viewed Depot Listing',	'2020-09-16 17:10:46',	'2020-09-16 17:10:46',	NULL),
(118,	1,	NULL,	'move',	1,	'127.0.0.1',	'Mozilla/5.0 (X11; Linux x86_64) AppleWebKit/537.36 (KHTML, like Gecko) Chrome/84.0.4147.135 Safari/537.36',	'Move Viewed',	'Viewed Move Listing',	'2020-09-29 23:47:14',	'2020-09-29 23:47:14',	NULL),
(119,	1,	NULL,	'useraction',	1,	'127.0.0.1',	'Mozilla/5.0 (X11; Linux x86_64) AppleWebKit/537.36 (KHTML, like Gecko) Chrome/84.0.4147.135 Safari/537.36',	'User Action Viewed',	'Viewed User Action Listing',	'2020-09-29 23:49:08',	'2020-09-29 23:49:08',	NULL),
(120,	1,	NULL,	'customer',	1,	'127.0.0.1',	'Mozilla/5.0 (X11; Linux x86_64) AppleWebKit/537.36 (KHTML, like Gecko) Chrome/84.0.4147.135 Safari/537.36',	'Customer Viewed',	'Viewed Customer Listing',	'2020-09-29 23:49:30',	'2020-09-29 23:49:30',	NULL),
(121,	1,	NULL,	'move',	1,	'127.0.0.1',	'Mozilla/5.0 (X11; Linux x86_64) AppleWebKit/537.36 (KHTML, like Gecko) Chrome/84.0.4147.135 Safari/537.36',	'Move Viewed',	'Viewed Move Listing',	'2020-10-21 11:03:40',	'2020-10-21 11:03:40',	NULL),
(122,	1,	2,	'move',	1,	'127.0.0.1',	'Mozilla/5.0 (X11; Linux x86_64) AppleWebKit/537.36 (KHTML, like Gecko) Chrome/84.0.4147.135 Safari/537.36',	'Move Accepted',	'Move <a href=\"/move/2\" target=\"_blank\">Sydney, New South Wales</a> has been Accepted',	'2020-10-21 11:06:40',	'2020-10-21 11:06:40',	NULL),
(123,	1,	2,	'move',	1,	'127.0.0.1',	'Mozilla/5.0 (X11; Linux x86_64) AppleWebKit/537.36 (KHTML, like Gecko) Chrome/84.0.4147.135 Safari/537.36',	'Move Accepted',	'Move <a href=\"/move/2\" target=\"_blank\">Sydney, New South Wales</a> has been Accepted',	'2020-10-21 11:06:51',	'2020-10-21 11:06:51',	NULL),
(124,	1,	NULL,	'lane',	1,	'127.0.0.1',	'Mozilla/5.0 (X11; Linux x86_64) AppleWebKit/537.36 (KHTML, like Gecko) Chrome/84.0.4147.135 Safari/537.36',	'Lane Viewed',	'Viewed Lane Listing',	'2020-10-21 11:07:16',	'2020-10-21 11:07:16',	NULL),
(125,	1,	NULL,	'trip',	1,	'127.0.0.1',	'Mozilla/5.0 (X11; Linux x86_64) AppleWebKit/537.36 (KHTML, like Gecko) Chrome/84.0.4147.135 Safari/537.36',	'Trip Viewed',	'Viewed Trip Listing',	'2020-10-21 11:07:16',	'2020-10-21 11:07:16',	NULL),
(126,	1,	NULL,	'lane',	1,	'127.0.0.1',	'Mozilla/5.0 (X11; Linux x86_64) AppleWebKit/537.36 (KHTML, like Gecko) Chrome/84.0.4147.135 Safari/537.36',	'Lane Viewed',	'Viewed Lane Listing',	'2020-10-21 11:08:31',	'2020-10-21 11:08:31',	NULL),
(127,	1,	NULL,	'trip',	1,	'127.0.0.1',	'Mozilla/5.0 (X11; Linux x86_64) AppleWebKit/537.36 (KHTML, like Gecko) Chrome/84.0.4147.135 Safari/537.36',	'Trip Viewed',	'Viewed Trip Listing',	'2020-10-21 11:08:31',	'2020-10-21 11:08:31',	NULL),
(128,	1,	NULL,	'user',	1,	'127.0.0.1',	'Mozilla/5.0 (X11; Linux x86_64) AppleWebKit/537.36 (KHTML, like Gecko) Chrome/84.0.4147.135 Safari/537.36',	'User Management Viewed',	'Viewed User Management Listing',	'2020-10-21 11:12:21',	'2020-10-21 11:12:21',	NULL),
(129,	1,	NULL,	'role',	1,	'127.0.0.1',	'Mozilla/5.0 (X11; Linux x86_64) AppleWebKit/537.36 (KHTML, like Gecko) Chrome/84.0.4147.135 Safari/537.36',	'Role Viewed',	'Viewed Role Listing',	'2020-10-21 11:12:29',	'2020-10-21 11:12:29',	NULL),
(130,	1,	1,	'role',	1,	'127.0.0.1',	'Mozilla/5.0 (X11; Linux x86_64) AppleWebKit/537.36 (KHTML, like Gecko) Chrome/84.0.4147.135 Safari/537.36',	'Role Viewed',	'Role <a href=\"/role/1\" target=\"_blank\">Administrator</a> has been viewed',	'2020-10-21 11:12:32',	'2020-10-21 11:12:32',	NULL),
(131,	1,	NULL,	'user',	1,	'127.0.0.1',	'Mozilla/5.0 (X11; Linux x86_64) AppleWebKit/537.36 (KHTML, like Gecko) Chrome/84.0.4147.135 Safari/537.36',	'User Management Viewed',	'Viewed User Management Listing',	'2020-10-21 11:12:47',	'2020-10-21 11:12:47',	NULL),
(132,	1,	3,	'user',	1,	'127.0.0.1',	'Mozilla/5.0 (X11; Linux x86_64) AppleWebKit/537.36 (KHTML, like Gecko) Chrome/84.0.4147.135 Safari/537.36',	'User Management Viewed',	'User Management <a href=\"/user/3\" target=\"_blank\">Coralie Little</a> has been viewed',	'2020-10-21 11:12:52',	'2020-10-21 11:12:52',	NULL),
(133,	1,	NULL,	'user',	1,	'127.0.0.1',	'Mozilla/5.0 (X11; Linux x86_64) AppleWebKit/537.36 (KHTML, like Gecko) Chrome/84.0.4147.135 Safari/537.36',	'User Management Viewed',	'Viewed User Management Listing',	'2020-10-21 11:12:56',	'2020-10-21 11:12:56',	NULL),
(134,	1,	3,	'user',	1,	'127.0.0.1',	'Mozilla/5.0 (X11; Linux x86_64) AppleWebKit/537.36 (KHTML, like Gecko) Chrome/84.0.4147.135 Safari/537.36',	'User Management Viewed',	'User Management <a href=\"/user/3\" target=\"_blank\">Coralie Little</a> has been viewed',	'2020-10-21 11:12:58',	'2020-10-21 11:12:58',	NULL),
(135,	1,	NULL,	'user',	1,	'127.0.0.1',	'Mozilla/5.0 (X11; Linux x86_64) AppleWebKit/537.36 (KHTML, like Gecko) Chrome/84.0.4147.135 Safari/537.36',	'User Management Viewed',	'Viewed User Management Listing',	'2020-10-21 11:13:04',	'2020-10-21 11:13:04',	NULL),
(136,	1,	NULL,	'company',	1,	'127.0.0.1',	'Mozilla/5.0 (X11; Linux x86_64) AppleWebKit/537.36 (KHTML, like Gecko) Chrome/84.0.4147.135 Safari/537.36',	'Company Management Viewed',	'Viewed Company Management Listing',	'2020-10-21 11:14:36',	'2020-10-21 11:14:36',	NULL),
(137,	1,	NULL,	'customer',	1,	'127.0.0.1',	'Mozilla/5.0 (X11; Linux x86_64) AppleWebKit/537.36 (KHTML, like Gecko) Chrome/84.0.4147.135 Safari/537.36',	'Customer Viewed',	'Viewed Customer Listing',	'2020-10-21 11:14:39',	'2020-10-21 11:14:39',	NULL),
(138,	1,	NULL,	'useraction',	1,	'127.0.0.1',	'Mozilla/5.0 (X11; Linux x86_64) AppleWebKit/537.36 (KHTML, like Gecko) Chrome/84.0.4147.135 Safari/537.36',	'User Action Viewed',	'Viewed User Action Listing',	'2020-10-21 11:14:42',	'2020-10-21 11:14:42',	NULL),
(139,	1,	NULL,	'company',	1,	'127.0.0.1',	'Mozilla/5.0 (X11; Linux x86_64) AppleWebKit/537.36 (KHTML, like Gecko) Chrome/84.0.4147.135 Safari/537.36',	'Company Management Viewed',	'Viewed Company Management Listing',	'2020-10-21 11:14:44',	'2020-10-21 11:14:44',	NULL),
(140,	1,	NULL,	'useraction',	1,	'127.0.0.1',	'Mozilla/5.0 (X11; Linux x86_64) AppleWebKit/537.36 (KHTML, like Gecko) Chrome/84.0.4147.135 Safari/537.36',	'User Action Viewed',	'Viewed User Action Listing',	'2020-10-21 11:14:46',	'2020-10-21 11:14:46',	NULL),
(141,	1,	NULL,	'company',	1,	'127.0.0.1',	'Mozilla/5.0 (X11; Linux x86_64) AppleWebKit/537.36 (KHTML, like Gecko) Chrome/84.0.4147.135 Safari/537.36',	'Company Management Viewed',	'Viewed Company Management Listing',	'2020-10-21 11:14:57',	'2020-10-21 11:14:57',	NULL),
(142,	1,	NULL,	'user',	1,	'127.0.0.1',	'Mozilla/5.0 (X11; Linux x86_64) AppleWebKit/537.36 (KHTML, like Gecko) Chrome/84.0.4147.135 Safari/537.36',	'User Management Viewed',	'Viewed User Management Listing',	'2020-10-21 11:15:02',	'2020-10-21 11:15:02',	NULL),
(143,	1,	NULL,	'lane',	1,	'127.0.0.1',	'Mozilla/5.0 (X11; Linux x86_64) AppleWebKit/537.36 (KHTML, like Gecko) Chrome/84.0.4147.135 Safari/537.36',	'Lane Viewed',	'Viewed Lane Listing',	'2020-10-21 11:15:05',	'2020-10-21 11:15:05',	NULL),
(144,	1,	NULL,	'trip',	1,	'127.0.0.1',	'Mozilla/5.0 (X11; Linux x86_64) AppleWebKit/537.36 (KHTML, like Gecko) Chrome/84.0.4147.135 Safari/537.36',	'Trip Viewed',	'Viewed Trip Listing',	'2020-10-21 11:15:05',	'2020-10-21 11:15:05',	NULL),
(145,	1,	NULL,	'truck',	1,	'127.0.0.1',	'Mozilla/5.0 (X11; Linux x86_64) AppleWebKit/537.36 (KHTML, like Gecko) Chrome/84.0.4147.135 Safari/537.36',	'Truck Viewed',	'Viewed Truck Listing',	'2020-10-21 11:15:10',	'2020-10-21 11:15:10',	NULL),
(146,	1,	NULL,	'local',	1,	'127.0.0.1',	'Mozilla/5.0 (X11; Linux x86_64) AppleWebKit/537.36 (KHTML, like Gecko) Chrome/84.0.4147.135 Safari/537.36',	'Local Viewed',	'Viewed Local Listing',	'2020-10-21 11:15:18',	'2020-10-21 11:15:18',	NULL),
(147,	1,	NULL,	'depot',	1,	'127.0.0.1',	'Mozilla/5.0 (X11; Linux x86_64) AppleWebKit/537.36 (KHTML, like Gecko) Chrome/84.0.4147.135 Safari/537.36',	'Depot Viewed',	'Viewed Depot Listing',	'2020-10-21 11:15:23',	'2020-10-21 11:15:23',	NULL),
(148,	1,	NULL,	'move',	1,	'127.0.0.1',	'Mozilla/5.0 (X11; Linux x86_64) AppleWebKit/537.36 (KHTML, like Gecko) Chrome/84.0.4147.135 Safari/537.36',	'Move Viewed',	'Viewed Move Listing',	'2020-10-21 11:15:44',	'2020-10-21 11:15:44',	NULL),
(149,	1,	NULL,	'move',	1,	'127.0.0.1',	'Mozilla/5.0 (X11; Linux x86_64) AppleWebKit/537.36 (KHTML, like Gecko) Chrome/84.0.4147.135 Safari/537.36',	'Move Viewed',	'Viewed Move Listing',	'2020-10-21 11:29:05',	'2020-10-21 11:29:05',	NULL),
(150,	1,	NULL,	'move',	1,	'127.0.0.1',	'Mozilla/5.0 (X11; Linux x86_64) AppleWebKit/537.36 (KHTML, like Gecko) Chrome/84.0.4147.135 Safari/537.36',	'Move Viewed',	'Viewed Move Listing',	'2020-11-07 16:57:08',	'2020-11-07 16:57:08',	NULL),
(151,	1,	NULL,	'lane',	1,	'127.0.0.1',	'Mozilla/5.0 (X11; Linux x86_64) AppleWebKit/537.36 (KHTML, like Gecko) Chrome/84.0.4147.135 Safari/537.36',	'Lane Viewed',	'Viewed Lane Listing',	'2020-11-07 16:57:19',	'2020-11-07 16:57:19',	NULL),
(152,	1,	NULL,	'trip',	1,	'127.0.0.1',	'Mozilla/5.0 (X11; Linux x86_64) AppleWebKit/537.36 (KHTML, like Gecko) Chrome/84.0.4147.135 Safari/537.36',	'Trip Viewed',	'Viewed Trip Listing',	'2020-11-07 16:57:19',	'2020-11-07 16:57:19',	NULL),
(153,	1,	NULL,	'user',	1,	'127.0.0.1',	'Mozilla/5.0 (X11; Linux x86_64) AppleWebKit/537.36 (KHTML, like Gecko) Chrome/84.0.4147.135 Safari/537.36',	'User Management Viewed',	'Viewed User Management Listing',	'2020-11-07 16:58:00',	'2020-11-07 16:58:00',	NULL),
(154,	1,	NULL,	'company',	1,	'127.0.0.1',	'Mozilla/5.0 (X11; Linux x86_64) AppleWebKit/537.36 (KHTML, like Gecko) Chrome/84.0.4147.135 Safari/537.36',	'Company Management Viewed',	'Viewed Company Management Listing',	'2020-11-07 16:58:08',	'2020-11-07 16:58:08',	NULL),
(155,	1,	NULL,	'move',	1,	'127.0.0.1',	'Mozilla/5.0 (X11; Linux x86_64) AppleWebKit/537.36 (KHTML, like Gecko) Chrome/84.0.4147.135 Safari/537.36',	'Move Viewed',	'Viewed Move Listing',	'2020-11-07 16:58:15',	'2020-11-07 16:58:15',	NULL),
(156,	1,	NULL,	'ancillaryservice',	1,	'127.0.0.1',	'Mozilla/5.0 (X11; Linux x86_64) AppleWebKit/537.36 (KHTML, like Gecko) Chrome/84.0.4147.135 Safari/537.36',	'Ancillary Service Viewed',	'Viewed Ancillary Service Listing',	'2020-11-07 16:58:17',	'2020-11-07 16:58:17',	NULL),
(157,	1,	NULL,	'useraction',	1,	'127.0.0.1',	'Mozilla/5.0 (X11; Linux x86_64) AppleWebKit/537.36 (KHTML, like Gecko) Chrome/84.0.4147.135 Safari/537.36',	'User Action Viewed',	'Viewed User Action Listing',	'2020-11-07 16:59:31',	'2020-11-07 16:59:31',	NULL),
(158,	1,	NULL,	'customer',	1,	'127.0.0.1',	'Mozilla/5.0 (X11; Linux x86_64) AppleWebKit/537.36 (KHTML, like Gecko) Chrome/84.0.4147.135 Safari/537.36',	'Customer Viewed',	'Viewed Customer Listing',	'2020-11-07 16:59:34',	'2020-11-07 16:59:34',	NULL),
(159,	1,	16,	'move',	1,	'127.0.0.1',	'Mozilla/5.0 (X11; Linux x86_64) AppleWebKit/537.36 (KHTML, like Gecko) Chrome/84.0.4147.135 Safari/537.36',	'Move Viewed',	'Move <a href=\"/move/16\" target=\"_blank\">Sydney, New South Wales</a> has been viewed',	'2020-11-20 10:59:43',	'2020-11-20 10:59:43',	NULL),
(160,	1,	16,	'move',	1,	'127.0.0.1',	'Mozilla/5.0 (X11; Linux x86_64) AppleWebKit/537.36 (KHTML, like Gecko) Chrome/84.0.4147.135 Safari/537.36',	'Move Viewed',	'Move <a href=\"/move/16\" target=\"_blank\">Sydney, New South Wales</a> has been viewed',	'2020-11-20 10:59:43',	'2020-11-20 10:59:43',	NULL),
(161,	1,	16,	'move',	1,	'127.0.0.1',	'Mozilla/5.0 (X11; Linux x86_64) AppleWebKit/537.36 (KHTML, like Gecko) Chrome/84.0.4147.135 Safari/537.36',	'Move Accepted',	'Move <a href=\"/move/16\" target=\"_blank\">Sydney, New South Wales</a> has been Accepted',	'2020-11-20 11:00:44',	'2020-11-20 11:00:44',	NULL),
(162,	1,	16,	'move',	1,	'127.0.0.1',	'Mozilla/5.0 (X11; Linux x86_64) AppleWebKit/537.36 (KHTML, like Gecko) Chrome/84.0.4147.135 Safari/537.36',	'Move Viewed',	'Move <a href=\"/move/16\" target=\"_blank\">Sydney, New South Wales</a> has been viewed',	'2020-11-20 11:00:44',	'2020-11-20 11:00:44',	NULL),
(163,	1,	29,	'move',	1,	'127.0.0.1',	'Mozilla/5.0 (X11; Linux x86_64) AppleWebKit/537.36 (KHTML, like Gecko) Chrome/84.0.4147.135 Safari/537.36',	'Move Accepted',	'Move <a href=\"/move/29\" target=\"_blank\">Sydney, New South Wales</a> has been Accepted',	'2020-11-20 11:01:19',	'2020-11-20 11:01:19',	NULL),
(164,	1,	68,	'move',	1,	'127.0.0.1',	'Mozilla/5.0 (X11; Linux x86_64) AppleWebKit/537.36 (KHTML, like Gecko) Chrome/84.0.4147.135 Safari/537.36',	'Move Accepted',	'Move <a href=\"/move/68\" target=\"_blank\">Sydney, New South Wales</a> has been Accepted',	'2020-11-20 11:01:29',	'2020-11-20 11:01:29',	NULL),
(165,	1,	NULL,	'company',	1,	'127.0.0.1',	'Mozilla/5.0 (X11; Linux x86_64) AppleWebKit/537.36 (KHTML, like Gecko) Chrome/84.0.4147.135 Safari/537.36',	'Company Management Viewed',	'Viewed Company Management Listing',	'2020-11-20 20:25:15',	'2020-11-20 20:25:15',	NULL),
(166,	1,	1,	'company',	1,	'127.0.0.1',	'Mozilla/5.0 (X11; Linux x86_64) AppleWebKit/537.36 (KHTML, like Gecko) Chrome/84.0.4147.135 Safari/537.36',	'Company Management Viewed',	'Company Management <a href=\"/company/1\" target=\"_blank\">Cronin, Stamm and Jacobi</a> has been viewed',	'2020-11-20 20:25:19',	'2020-11-20 20:25:19',	NULL),
(167,	1,	1,	'company',	1,	'127.0.0.1',	'Mozilla/5.0 (X11; Linux x86_64) AppleWebKit/537.36 (KHTML, like Gecko) Chrome/84.0.4147.135 Safari/537.36',	'Company Management Viewed',	'Company Management <a href=\"/company/1\" target=\"_blank\">Cronin, Stamm and Jacobi</a> has been viewed',	'2020-11-20 20:25:29',	'2020-11-20 20:25:29',	NULL),
(168,	1,	1,	'company',	1,	'127.0.0.1',	'Mozilla/5.0 (X11; Linux x86_64) AppleWebKit/537.36 (KHTML, like Gecko) Chrome/84.0.4147.135 Safari/537.36',	'Company Management Viewed',	'Company Management <a href=\"/company/1\" target=\"_blank\">Cronin, Stamm and Jacobi</a> has been viewed',	'2020-11-20 20:25:29',	'2020-11-20 20:25:29',	NULL),
(169,	2,	1,	'company',	1,	'127.0.0.1',	'Mozilla/5.0 (X11; Linux x86_64) AppleWebKit/537.36 (KHTML, like Gecko) Chrome/84.0.4147.135 Safari/537.36',	'Company Management Updated',	'Company Management <a href=\"/company/1/edit\" target=\"_blank\">Cronin, Stamm and Jacobi</a> has been updated',	'2020-11-20 20:26:35',	'2020-11-20 20:26:35',	NULL),
(170,	2,	NULL,	'user',	1,	'127.0.0.1',	'Mozilla/5.0 (X11; Linux x86_64) AppleWebKit/537.36 (KHTML, like Gecko) Chrome/84.0.4147.135 Safari/537.36',	'User Management Viewed',	'Viewed User Management Listing',	'2020-11-20 21:47:59',	'2020-11-20 21:47:59',	NULL),
(171,	2,	NULL,	'lane',	1,	'127.0.0.1',	'Mozilla/5.0 (X11; Linux x86_64) AppleWebKit/537.36 (KHTML, like Gecko) Chrome/84.0.4147.135 Safari/537.36',	'Lane Viewed',	'Viewed Lane Listing',	'2020-11-20 21:48:00',	'2020-11-20 21:48:00',	NULL),
(172,	2,	NULL,	'trip',	1,	'127.0.0.1',	'Mozilla/5.0 (X11; Linux x86_64) AppleWebKit/537.36 (KHTML, like Gecko) Chrome/84.0.4147.135 Safari/537.36',	'Trip Viewed',	'Viewed Trip Listing',	'2020-11-20 21:48:01',	'2020-11-20 21:48:01',	NULL),
(173,	2,	NULL,	'truck',	1,	'127.0.0.1',	'Mozilla/5.0 (X11; Linux x86_64) AppleWebKit/537.36 (KHTML, like Gecko) Chrome/84.0.4147.135 Safari/537.36',	'Truck Viewed',	'Viewed Truck Listing',	'2020-11-20 21:48:08',	'2020-11-20 21:48:08',	NULL),
(174,	2,	NULL,	'lane',	1,	'127.0.0.1',	'Mozilla/5.0 (X11; Linux x86_64) AppleWebKit/537.36 (KHTML, like Gecko) Chrome/84.0.4147.135 Safari/537.36',	'Lane Viewed',	'Viewed Lane Listing',	'2020-11-20 21:48:10',	'2020-11-20 21:48:10',	NULL),
(175,	2,	NULL,	'trip',	1,	'127.0.0.1',	'Mozilla/5.0 (X11; Linux x86_64) AppleWebKit/537.36 (KHTML, like Gecko) Chrome/84.0.4147.135 Safari/537.36',	'Trip Viewed',	'Viewed Trip Listing',	'2020-11-20 21:48:10',	'2020-11-20 21:48:10',	NULL),
(176,	1,	NULL,	'move',	1,	'127.0.0.1',	'Mozilla/5.0 (X11; Linux x86_64) AppleWebKit/537.36 (KHTML, like Gecko) Chrome/84.0.4147.135 Safari/537.36',	'Move Viewed',	'Viewed Move Listing',	'2021-01-12 11:13:54',	'2021-01-12 11:13:54',	NULL),
(177,	1,	NULL,	'move',	1,	'127.0.0.1',	'Mozilla/5.0 (X11; Linux x86_64) AppleWebKit/537.36 (KHTML, like Gecko) Chrome/84.0.4147.135 Safari/537.36',	'Move Viewed',	'Viewed Move Listing',	'2021-01-12 11:14:06',	'2021-01-12 11:14:06',	NULL),
(178,	1,	NULL,	'ancillaryservice',	1,	'127.0.0.1',	'Mozilla/5.0 (X11; Linux x86_64) AppleWebKit/537.36 (KHTML, like Gecko) Chrome/84.0.4147.135 Safari/537.36',	'Ancillary Service Viewed',	'Viewed Ancillary Service Listing',	'2021-01-12 11:14:14',	'2021-01-12 11:14:14',	NULL),
(179,	2,	NULL,	'local',	1,	'127.0.0.1',	'Mozilla/5.0 (X11; Linux x86_64) AppleWebKit/537.36 (KHTML, like Gecko) Chrome/84.0.4147.135 Safari/537.36',	'Local Viewed',	'Viewed Local Listing',	'2021-01-12 11:18:21',	'2021-01-12 11:18:21',	NULL),
(180,	2,	NULL,	'truck',	1,	'127.0.0.1',	'Mozilla/5.0 (X11; Linux x86_64) AppleWebKit/537.36 (KHTML, like Gecko) Chrome/84.0.4147.135 Safari/537.36',	'Truck Viewed',	'Viewed Truck Listing',	'2021-01-12 11:18:27',	'2021-01-12 11:18:27',	NULL),
(181,	2,	NULL,	'lane',	1,	'127.0.0.1',	'Mozilla/5.0 (X11; Linux x86_64) AppleWebKit/537.36 (KHTML, like Gecko) Chrome/84.0.4147.135 Safari/537.36',	'Lane Viewed',	'Viewed Lane Listing',	'2021-01-12 11:18:28',	'2021-01-12 11:18:28',	NULL),
(182,	2,	NULL,	'trip',	1,	'127.0.0.1',	'Mozilla/5.0 (X11; Linux x86_64) AppleWebKit/537.36 (KHTML, like Gecko) Chrome/84.0.4147.135 Safari/537.36',	'Trip Viewed',	'Viewed Trip Listing',	'2021-01-12 11:18:28',	'2021-01-12 11:18:28',	NULL),
(183,	2,	NULL,	'lane',	1,	'127.0.0.1',	'Mozilla/5.0 (X11; Linux x86_64) AppleWebKit/537.36 (KHTML, like Gecko) Chrome/84.0.4147.135 Safari/537.36',	'Lane Viewed',	'Viewed Lane Listing',	'2021-01-12 11:18:29',	'2021-01-12 11:18:29',	NULL),
(184,	2,	NULL,	'trip',	1,	'127.0.0.1',	'Mozilla/5.0 (X11; Linux x86_64) AppleWebKit/537.36 (KHTML, like Gecko) Chrome/84.0.4147.135 Safari/537.36',	'Trip Viewed',	'Viewed Trip Listing',	'2021-01-12 11:18:29',	'2021-01-12 11:18:29',	NULL),
(185,	1,	NULL,	'move',	1,	'127.0.0.1',	'Mozilla/5.0 (X11; Linux x86_64) AppleWebKit/537.36 (KHTML, like Gecko) Chrome/88.0.4324.182 Safari/537.36',	'Move Viewed',	'Viewed Move Listing',	'2021-04-07 05:10:05',	'2021-04-07 05:10:05',	NULL),
(186,	1,	NULL,	'depot',	1,	'127.0.0.1',	'Mozilla/5.0 (X11; Linux x86_64) AppleWebKit/537.36 (KHTML, like Gecko) Chrome/88.0.4324.182 Safari/537.36',	'Depot Viewed',	'Viewed Depot Listing',	'2021-04-07 05:10:11',	'2021-04-07 05:10:11',	NULL),
(187,	1,	NULL,	'local',	1,	'127.0.0.1',	'Mozilla/5.0 (X11; Linux x86_64) AppleWebKit/537.36 (KHTML, like Gecko) Chrome/88.0.4324.182 Safari/537.36',	'Local Viewed',	'Viewed Local Listing',	'2021-04-07 05:10:14',	'2021-04-07 05:10:14',	NULL),
(188,	1,	NULL,	'truck',	1,	'127.0.0.1',	'Mozilla/5.0 (X11; Linux x86_64) AppleWebKit/537.36 (KHTML, like Gecko) Chrome/88.0.4324.182 Safari/537.36',	'Truck Viewed',	'Viewed Truck Listing',	'2021-04-07 05:10:16',	'2021-04-07 05:10:16',	NULL),
(189,	1,	NULL,	'lane',	1,	'127.0.0.1',	'Mozilla/5.0 (X11; Linux x86_64) AppleWebKit/537.36 (KHTML, like Gecko) Chrome/88.0.4324.182 Safari/537.36',	'Lane Viewed',	'Viewed Lane Listing',	'2021-04-07 05:10:20',	'2021-04-07 05:10:20',	NULL),
(190,	1,	NULL,	'trip',	1,	'127.0.0.1',	'Mozilla/5.0 (X11; Linux x86_64) AppleWebKit/537.36 (KHTML, like Gecko) Chrome/88.0.4324.182 Safari/537.36',	'Trip Viewed',	'Viewed Trip Listing',	'2021-04-07 05:10:20',	'2021-04-07 05:10:20',	NULL),
(191,	2,	1,	'company',	1,	'127.0.0.1',	'Mozilla/5.0 (X11; Ubuntu; Linux x86_64; rv:87.0) Gecko/20100101 Firefox/87.0',	'Company Management Updated',	'Company Management <a href=\"/company/1/edit\" target=\"_blank\">Cronin, Stamm and Jacobi</a> has been updated',	'2021-04-07 05:14:58',	'2021-04-07 05:14:58',	NULL),
(192,	1,	NULL,	'move',	1,	'127.0.0.1',	'Mozilla/5.0 (X11; Ubuntu; Linux x86_64; rv:87.0) Gecko/20100101 Firefox/87.0',	'Move Viewed',	'Viewed Move Listing',	'2021-04-07 05:18:50',	'2021-04-07 05:18:50',	NULL),
(193,	1,	NULL,	'ancillaryservice',	1,	'127.0.0.1',	'Mozilla/5.0 (X11; Ubuntu; Linux x86_64; rv:87.0) Gecko/20100101 Firefox/87.0',	'Ancillary Service Viewed',	'Viewed Ancillary Service Listing',	'2021-04-07 05:18:52',	'2021-04-07 05:18:52',	NULL),
(194,	1,	1,	'ancillaryservice',	1,	'127.0.0.1',	'Mozilla/5.0 (X11; Ubuntu; Linux x86_64; rv:87.0) Gecko/20100101 Firefox/87.0',	'Ancillary Service created',	'Ancillary Service <a href=\"/ancillaryservice/1/edit\" target=\"_blank\">21 </a> has been created',	'2021-04-07 05:20:10',	'2021-04-07 05:20:10',	NULL),
(195,	1,	NULL,	'ancillaryservice',	1,	'127.0.0.1',	'Mozilla/5.0 (X11; Ubuntu; Linux x86_64; rv:87.0) Gecko/20100101 Firefox/87.0',	'Ancillary Service Viewed',	'Viewed Ancillary Service Listing',	'2021-04-07 05:20:10',	'2021-04-07 05:20:10',	NULL),
(196,	1,	1,	'ancillaryservice',	1,	'127.0.0.1',	'Mozilla/5.0 (X11; Ubuntu; Linux x86_64; rv:87.0) Gecko/20100101 Firefox/87.0',	'Ancillary Service Viewed',	'Ancillary Service <a href=\"/ancillaryservice/1\" target=\"_blank\">Insurance</a> has been viewed',	'2021-04-07 05:20:12',	'2021-04-07 05:20:12',	NULL),
(197,	1,	NULL,	'move',	1,	'127.0.0.1',	'Mozilla/5.0 (X11; Ubuntu; Linux x86_64; rv:87.0) Gecko/20100101 Firefox/87.0',	'Move Viewed',	'Viewed Move Listing',	'2021-04-07 05:20:48',	'2021-04-07 05:20:48',	NULL),
(198,	1,	NULL,	'ancillaryservice',	1,	'127.0.0.1',	'Mozilla/5.0 (X11; Ubuntu; Linux x86_64; rv:87.0) Gecko/20100101 Firefox/87.0',	'Ancillary Service Viewed',	'Viewed Ancillary Service Listing',	'2021-04-07 05:20:49',	'2021-04-07 05:20:49',	NULL),
(199,	1,	2,	'ancillaryservice',	1,	'127.0.0.1',	'Mozilla/5.0 (X11; Ubuntu; Linux x86_64; rv:87.0) Gecko/20100101 Firefox/87.0',	'Ancillary Service created',	'Ancillary Service <a href=\"/ancillaryservice/2/edit\" target=\"_blank\">24 </a> has been created',	'2021-04-07 05:21:49',	'2021-04-07 05:21:49',	NULL),
(200,	1,	NULL,	'ancillaryservice',	1,	'127.0.0.1',	'Mozilla/5.0 (X11; Ubuntu; Linux x86_64; rv:87.0) Gecko/20100101 Firefox/87.0',	'Ancillary Service Viewed',	'Viewed Ancillary Service Listing',	'2021-04-07 05:21:49',	'2021-04-07 05:21:49',	NULL),
(201,	1,	NULL,	'move',	1,	'127.0.0.1',	'Mozilla/5.0 (X11; Linux x86_64) AppleWebKit/537.36 (KHTML, like Gecko) Chrome/88.0.4324.182 Safari/537.36',	'Move Viewed',	'Viewed Move Listing',	'2021-04-07 11:13:37',	'2021-04-07 11:13:37',	NULL),
(202,	1,	NULL,	'user',	1,	'127.0.0.1',	'Mozilla/5.0 (X11; Linux x86_64) AppleWebKit/537.36 (KHTML, like Gecko) Chrome/90.0.4430.93 Safari/537.36',	'User Management Viewed',	'Viewed User Management Listing',	'2021-05-23 03:15:03',	'2021-05-23 03:15:03',	NULL),
(203,	1,	NULL,	'move',	1,	'127.0.0.1',	'Mozilla/5.0 (X11; Linux x86_64) AppleWebKit/537.36 (KHTML, like Gecko) Chrome/90.0.4430.93 Safari/537.36',	'Move Viewed',	'Viewed Move Listing',	'2021-06-27 22:35:29',	'2021-06-27 22:35:29',	NULL),
(204,	1,	NULL,	'ancillaryservice',	1,	'127.0.0.1',	'Mozilla/5.0 (X11; Linux x86_64) AppleWebKit/537.36 (KHTML, like Gecko) Chrome/90.0.4430.93 Safari/537.36',	'Ancillary Service Viewed',	'Viewed Ancillary Service Listing',	'2021-06-27 22:35:53',	'2021-06-27 22:35:53',	NULL),
(205,	1,	NULL,	'move',	1,	'127.0.0.1',	'Mozilla/5.0 (X11; Linux x86_64) AppleWebKit/537.36 (KHTML, like Gecko) Chrome/90.0.4430.93 Safari/537.36',	'Move Viewed',	'Viewed Move Listing',	'2021-06-27 22:36:26',	'2021-06-27 22:36:26',	NULL),
(206,	1,	NULL,	'ancillaryservice',	1,	'127.0.0.1',	'Mozilla/5.0 (X11; Linux x86_64) AppleWebKit/537.36 (KHTML, like Gecko) Chrome/90.0.4430.93 Safari/537.36',	'Ancillary Service Viewed',	'Viewed Ancillary Service Listing',	'2021-06-27 22:36:27',	'2021-06-27 22:36:27',	NULL),
(207,	1,	NULL,	'move',	1,	'127.0.0.1',	'Mozilla/5.0 (X11; Linux x86_64) AppleWebKit/537.36 (KHTML, like Gecko) Chrome/90.0.4430.93 Safari/537.36',	'Move Viewed',	'Viewed Move Listing',	'2021-06-27 22:36:43',	'2021-06-27 22:36:43',	NULL),
(208,	1,	NULL,	'depot',	1,	'127.0.0.1',	'Mozilla/5.0 (X11; Linux x86_64) AppleWebKit/537.36 (KHTML, like Gecko) Chrome/90.0.4430.93 Safari/537.36',	'Depot Viewed',	'Viewed Depot Listing',	'2021-06-27 22:36:50',	'2021-06-27 22:36:50',	NULL),
(209,	1,	NULL,	'local',	1,	'127.0.0.1',	'Mozilla/5.0 (X11; Linux x86_64) AppleWebKit/537.36 (KHTML, like Gecko) Chrome/90.0.4430.93 Safari/537.36',	'Local Viewed',	'Viewed Local Listing',	'2021-06-27 22:37:03',	'2021-06-27 22:37:03',	NULL),
(210,	1,	NULL,	'truck',	1,	'127.0.0.1',	'Mozilla/5.0 (X11; Linux x86_64) AppleWebKit/537.36 (KHTML, like Gecko) Chrome/90.0.4430.93 Safari/537.36',	'Truck Viewed',	'Viewed Truck Listing',	'2021-06-27 22:37:35',	'2021-06-27 22:37:35',	NULL),
(211,	1,	NULL,	'lane',	1,	'127.0.0.1',	'Mozilla/5.0 (X11; Linux x86_64) AppleWebKit/537.36 (KHTML, like Gecko) Chrome/90.0.4430.93 Safari/537.36',	'Lane Viewed',	'Viewed Lane Listing',	'2021-06-27 22:37:55',	'2021-06-27 22:37:55',	NULL),
(212,	1,	NULL,	'trip',	1,	'127.0.0.1',	'Mozilla/5.0 (X11; Linux x86_64) AppleWebKit/537.36 (KHTML, like Gecko) Chrome/90.0.4430.93 Safari/537.36',	'Trip Viewed',	'Viewed Trip Listing',	'2021-06-27 22:37:55',	'2021-06-27 22:37:55',	NULL),
(213,	1,	NULL,	'lane',	1,	'127.0.0.1',	'Mozilla/5.0 (X11; Linux x86_64) AppleWebKit/537.36 (KHTML, like Gecko) Chrome/90.0.4430.93 Safari/537.36',	'Lane Viewed',	'Viewed Lane Listing',	'2021-06-27 22:39:52',	'2021-06-27 22:39:52',	NULL),
(214,	1,	NULL,	'trip',	1,	'127.0.0.1',	'Mozilla/5.0 (X11; Linux x86_64) AppleWebKit/537.36 (KHTML, like Gecko) Chrome/90.0.4430.93 Safari/537.36',	'Trip Viewed',	'Viewed Trip Listing',	'2021-06-27 22:39:52',	'2021-06-27 22:39:52',	NULL),
(215,	1,	NULL,	'user',	1,	'127.0.0.1',	'Mozilla/5.0 (X11; Linux x86_64) AppleWebKit/537.36 (KHTML, like Gecko) Chrome/90.0.4430.93 Safari/537.36',	'User Management Viewed',	'Viewed User Management Listing',	'2021-06-27 22:40:11',	'2021-06-27 22:40:11',	NULL),
(216,	1,	NULL,	'company',	1,	'127.0.0.1',	'Mozilla/5.0 (X11; Linux x86_64) AppleWebKit/537.36 (KHTML, like Gecko) Chrome/90.0.4430.93 Safari/537.36',	'Company Management Viewed',	'Viewed Company Management Listing',	'2021-06-27 22:41:16',	'2021-06-27 22:41:16',	NULL),
(217,	1,	NULL,	'useraction',	1,	'127.0.0.1',	'Mozilla/5.0 (X11; Linux x86_64) AppleWebKit/537.36 (KHTML, like Gecko) Chrome/90.0.4430.93 Safari/537.36',	'User Action Viewed',	'Viewed User Action Listing',	'2021-06-27 22:41:28',	'2021-06-27 22:41:28',	NULL),
(218,	2,	NULL,	'move',	1,	'127.0.0.1',	'Mozilla/5.0 (X11; Linux x86_64) AppleWebKit/537.36 (KHTML, like Gecko) Chrome/90.0.4430.93 Safari/537.36',	'Move Viewed',	'Viewed Move Listing',	'2021-06-27 22:49:25',	'2021-06-27 22:49:25',	NULL),
(219,	2,	NULL,	'local',	1,	'127.0.0.1',	'Mozilla/5.0 (X11; Linux x86_64) AppleWebKit/537.36 (KHTML, like Gecko) Chrome/90.0.4430.93 Safari/537.36',	'Local Viewed',	'Viewed Local Listing',	'2021-06-27 22:49:27',	'2021-06-27 22:49:27',	NULL),
(220,	2,	NULL,	'depot',	1,	'127.0.0.1',	'Mozilla/5.0 (X11; Linux x86_64) AppleWebKit/537.36 (KHTML, like Gecko) Chrome/90.0.4430.93 Safari/537.36',	'Depot Viewed',	'Viewed Depot Listing',	'2021-06-27 22:49:27',	'2021-06-27 22:49:27',	NULL),
(221,	2,	NULL,	'local',	1,	'127.0.0.1',	'Mozilla/5.0 (X11; Linux x86_64) AppleWebKit/537.36 (KHTML, like Gecko) Chrome/90.0.4430.93 Safari/537.36',	'Local Viewed',	'Viewed Local Listing',	'2021-06-27 22:49:28',	'2021-06-27 22:49:28',	NULL),
(222,	2,	NULL,	'depot',	1,	'127.0.0.1',	'Mozilla/5.0 (X11; Linux x86_64) AppleWebKit/537.36 (KHTML, like Gecko) Chrome/90.0.4430.93 Safari/537.36',	'Depot Viewed',	'Viewed Depot Listing',	'2021-06-27 22:49:29',	'2021-06-27 22:49:29',	NULL),
(223,	2,	NULL,	'local',	1,	'127.0.0.1',	'Mozilla/5.0 (X11; Linux x86_64) AppleWebKit/537.36 (KHTML, like Gecko) Chrome/90.0.4430.93 Safari/537.36',	'Local Viewed',	'Viewed Local Listing',	'2021-06-27 22:49:31',	'2021-06-27 22:49:31',	NULL),
(224,	2,	NULL,	'truck',	1,	'127.0.0.1',	'Mozilla/5.0 (X11; Linux x86_64) AppleWebKit/537.36 (KHTML, like Gecko) Chrome/90.0.4430.93 Safari/537.36',	'Truck Viewed',	'Viewed Truck Listing',	'2021-06-27 22:49:32',	'2021-06-27 22:49:32',	NULL),
(225,	2,	NULL,	'lane',	1,	'127.0.0.1',	'Mozilla/5.0 (X11; Linux x86_64) AppleWebKit/537.36 (KHTML, like Gecko) Chrome/90.0.4430.93 Safari/537.36',	'Lane Viewed',	'Viewed Lane Listing',	'2021-06-27 22:49:35',	'2021-06-27 22:49:35',	NULL),
(226,	2,	NULL,	'trip',	1,	'127.0.0.1',	'Mozilla/5.0 (X11; Linux x86_64) AppleWebKit/537.36 (KHTML, like Gecko) Chrome/90.0.4430.93 Safari/537.36',	'Trip Viewed',	'Viewed Trip Listing',	'2021-06-27 22:49:35',	'2021-06-27 22:49:35',	NULL),
(227,	2,	NULL,	'user',	1,	'127.0.0.1',	'Mozilla/5.0 (X11; Linux x86_64) AppleWebKit/537.36 (KHTML, like Gecko) Chrome/90.0.4430.93 Safari/537.36',	'User Management Viewed',	'Viewed User Management Listing',	'2021-06-27 22:49:50',	'2021-06-27 22:49:50',	NULL),
(228,	1,	NULL,	'move',	1,	'127.0.0.1',	'Mozilla/5.0 (X11; Linux x86_64) AppleWebKit/537.36 (KHTML, like Gecko) Chrome/90.0.4430.93 Safari/537.36',	'Move Viewed',	'Viewed Move Listing',	'2021-06-27 23:10:38',	'2021-06-27 23:10:38',	NULL),
(229,	1,	NULL,	'ancillaryservice',	1,	'127.0.0.1',	'Mozilla/5.0 (X11; Linux x86_64) AppleWebKit/537.36 (KHTML, like Gecko) Chrome/90.0.4430.93 Safari/537.36',	'Ancillary Service Viewed',	'Viewed Ancillary Service Listing',	'2021-06-27 23:10:42',	'2021-06-27 23:10:42',	NULL),
(230,	1,	NULL,	'move',	1,	'127.0.0.1',	'Mozilla/5.0 (X11; Linux x86_64) AppleWebKit/537.36 (KHTML, like Gecko) Chrome/90.0.4430.93 Safari/537.36',	'Move Viewed',	'Viewed Move Listing',	'2021-06-27 23:11:00',	'2021-06-27 23:11:00',	NULL),
(231,	1,	NULL,	'depot',	1,	'127.0.0.1',	'Mozilla/5.0 (X11; Linux x86_64) AppleWebKit/537.36 (KHTML, like Gecko) Chrome/90.0.4430.93 Safari/537.36',	'Depot Viewed',	'Viewed Depot Listing',	'2021-06-27 23:11:10',	'2021-06-27 23:11:10',	NULL),
(232,	1,	NULL,	'move',	1,	'127.0.0.1',	'Mozilla/5.0 (X11; Linux x86_64) AppleWebKit/537.36 (KHTML, like Gecko) Chrome/90.0.4430.93 Safari/537.36',	'Move Viewed',	'Viewed Move Listing',	'2021-06-27 23:11:21',	'2021-06-27 23:11:21',	NULL),
(233,	1,	NULL,	'ancillaryservice',	1,	'127.0.0.1',	'Mozilla/5.0 (X11; Linux x86_64) AppleWebKit/537.36 (KHTML, like Gecko) Chrome/90.0.4430.93 Safari/537.36',	'Ancillary Service Viewed',	'Viewed Ancillary Service Listing',	'2021-06-27 23:11:23',	'2021-06-27 23:11:23',	NULL),
(234,	1,	NULL,	'depot',	1,	'127.0.0.1',	'Mozilla/5.0 (X11; Linux x86_64) AppleWebKit/537.36 (KHTML, like Gecko) Chrome/90.0.4430.93 Safari/537.36',	'Depot Viewed',	'Viewed Depot Listing',	'2021-06-27 23:11:28',	'2021-06-27 23:11:28',	NULL),
(235,	1,	1,	'depot',	1,	'127.0.0.1',	'Mozilla/5.0 (X11; Linux x86_64) AppleWebKit/537.36 (KHTML, like Gecko) Chrome/90.0.4430.93 Safari/537.36',	'Depot Viewed',	'Depot <a href=\"/depot/1\" target=\"_blank\">Sydney, New South Wales, Australia</a> has been viewed',	'2021-06-27 23:11:34',	'2021-06-27 23:11:34',	NULL),
(236,	1,	1,	'depot',	1,	'127.0.0.1',	'Mozilla/5.0 (X11; Linux x86_64) AppleWebKit/537.36 (KHTML, like Gecko) Chrome/90.0.4430.93 Safari/537.36',	'Depot Viewed',	'Depot <a href=\"/depot/1\" target=\"_blank\">Sydney, New South Wales, Australia</a> has been viewed',	'2021-06-27 23:11:34',	'2021-06-27 23:11:34',	NULL),
(237,	1,	NULL,	'depot',	1,	'127.0.0.1',	'Mozilla/5.0 (X11; Linux x86_64) AppleWebKit/537.36 (KHTML, like Gecko) Chrome/90.0.4430.93 Safari/537.36',	'Depot Viewed',	'Viewed Depot Listing',	'2021-06-27 23:11:37',	'2021-06-27 23:11:37',	NULL),
(238,	1,	1,	'depot',	1,	'127.0.0.1',	'Mozilla/5.0 (X11; Linux x86_64) AppleWebKit/537.36 (KHTML, like Gecko) Chrome/90.0.4430.93 Safari/537.36',	'Depot Viewed',	'Depot <a href=\"/depot/1\" target=\"_blank\">Sydney, New South Wales, Australia</a> has been viewed',	'2021-06-27 23:11:39',	'2021-06-27 23:11:39',	NULL),
(239,	1,	NULL,	'depot',	1,	'127.0.0.1',	'Mozilla/5.0 (X11; Linux x86_64) AppleWebKit/537.36 (KHTML, like Gecko) Chrome/90.0.4430.93 Safari/537.36',	'Depot Viewed',	'Viewed Depot Listing',	'2021-06-27 23:11:41',	'2021-06-27 23:11:41',	NULL),
(240,	1,	NULL,	'move',	1,	'127.0.0.1',	'Mozilla/5.0 (X11; Linux x86_64) AppleWebKit/537.36 (KHTML, like Gecko) Chrome/90.0.4430.93 Safari/537.36',	'Move Viewed',	'Viewed Move Listing',	'2021-06-27 23:11:45',	'2021-06-27 23:11:45',	NULL),
(241,	1,	69,	'move',	1,	'127.0.0.1',	'Mozilla/5.0 (X11; Linux x86_64) AppleWebKit/537.36 (KHTML, like Gecko) Chrome/90.0.4430.93 Safari/537.36',	'Move Viewed',	'Move <a href=\"/move/69\" target=\"_blank\">Melbourne, Victoria</a> has been viewed',	'2021-06-27 23:11:48',	'2021-06-27 23:11:48',	NULL),
(242,	1,	NULL,	'depot',	1,	'127.0.0.1',	'Mozilla/5.0 (X11; Linux x86_64) AppleWebKit/537.36 (KHTML, like Gecko) Chrome/90.0.4430.93 Safari/537.36',	'Depot Viewed',	'Viewed Depot Listing',	'2021-06-27 23:12:18',	'2021-06-27 23:12:18',	NULL),
(243,	1,	NULL,	'local',	1,	'127.0.0.1',	'Mozilla/5.0 (X11; Linux x86_64) AppleWebKit/537.36 (KHTML, like Gecko) Chrome/90.0.4430.93 Safari/537.36',	'Local Viewed',	'Viewed Local Listing',	'2021-06-27 23:12:23',	'2021-06-27 23:12:23',	NULL),
(244,	1,	1,	'local',	1,	'127.0.0.1',	'Mozilla/5.0 (X11; Linux x86_64) AppleWebKit/537.36 (KHTML, like Gecko) Chrome/90.0.4430.93 Safari/537.36',	'Local Viewed',	'Local <a href=\"/local/1\" target=\"_blank\">21</a> has been viewed',	'2021-06-27 23:12:33',	'2021-06-27 23:12:33',	NULL),
(245,	1,	1,	'local',	1,	'127.0.0.1',	'Mozilla/5.0 (X11; Linux x86_64) AppleWebKit/537.36 (KHTML, like Gecko) Chrome/90.0.4430.93 Safari/537.36',	'Local Viewed',	'Local <a href=\"/local/1\" target=\"_blank\">21</a> has been viewed',	'2021-06-27 23:12:33',	'2021-06-27 23:12:33',	NULL),
(246,	1,	NULL,	'local',	1,	'127.0.0.1',	'Mozilla/5.0 (X11; Linux x86_64) AppleWebKit/537.36 (KHTML, like Gecko) Chrome/90.0.4430.93 Safari/537.36',	'Local Viewed',	'Viewed Local Listing',	'2021-06-27 23:12:37',	'2021-06-27 23:12:37',	NULL),
(247,	1,	2,	'local',	1,	'127.0.0.1',	'Mozilla/5.0 (X11; Linux x86_64) AppleWebKit/537.36 (KHTML, like Gecko) Chrome/90.0.4430.93 Safari/537.36',	'Local Viewed',	'Local <a href=\"/local/2\" target=\"_blank\">32</a> has been viewed',	'2021-06-27 23:12:40',	'2021-06-27 23:12:40',	NULL),
(248,	1,	NULL,	'local',	1,	'127.0.0.1',	'Mozilla/5.0 (X11; Linux x86_64) AppleWebKit/537.36 (KHTML, like Gecko) Chrome/90.0.4430.93 Safari/537.36',	'Local Viewed',	'Viewed Local Listing',	'2021-06-27 23:12:43',	'2021-06-27 23:12:43',	NULL),
(249,	1,	NULL,	'truck',	1,	'127.0.0.1',	'Mozilla/5.0 (X11; Linux x86_64) AppleWebKit/537.36 (KHTML, like Gecko) Chrome/90.0.4430.93 Safari/537.36',	'Truck Viewed',	'Viewed Truck Listing',	'2021-06-27 23:12:52',	'2021-06-27 23:12:52',	NULL),
(250,	1,	NULL,	'lane',	1,	'127.0.0.1',	'Mozilla/5.0 (X11; Linux x86_64) AppleWebKit/537.36 (KHTML, like Gecko) Chrome/90.0.4430.93 Safari/537.36',	'Lane Viewed',	'Viewed Lane Listing',	'2021-06-27 23:13:00',	'2021-06-27 23:13:00',	NULL),
(251,	1,	NULL,	'trip',	1,	'127.0.0.1',	'Mozilla/5.0 (X11; Linux x86_64) AppleWebKit/537.36 (KHTML, like Gecko) Chrome/90.0.4430.93 Safari/537.36',	'Trip Viewed',	'Viewed Trip Listing',	'2021-06-27 23:13:00',	'2021-06-27 23:13:00',	NULL),
(252,	1,	NULL,	'user',	1,	'127.0.0.1',	'Mozilla/5.0 (X11; Linux x86_64) AppleWebKit/537.36 (KHTML, like Gecko) Chrome/90.0.4430.93 Safari/537.36',	'User Management Viewed',	'Viewed User Management Listing',	'2021-06-27 23:13:16',	'2021-06-27 23:13:16',	NULL),
(253,	1,	NULL,	'role',	1,	'127.0.0.1',	'Mozilla/5.0 (X11; Linux x86_64) AppleWebKit/537.36 (KHTML, like Gecko) Chrome/90.0.4430.93 Safari/537.36',	'Role Viewed',	'Viewed Role Listing',	'2021-06-27 23:13:19',	'2021-06-27 23:13:19',	NULL),
(254,	1,	NULL,	'lane',	1,	'127.0.0.1',	'Mozilla/5.0 (X11; Linux x86_64) AppleWebKit/537.36 (KHTML, like Gecko) Chrome/90.0.4430.93 Safari/537.36',	'Lane Viewed',	'Viewed Lane Listing',	'2021-06-27 23:13:30',	'2021-06-27 23:13:30',	NULL),
(255,	1,	NULL,	'trip',	1,	'127.0.0.1',	'Mozilla/5.0 (X11; Linux x86_64) AppleWebKit/537.36 (KHTML, like Gecko) Chrome/90.0.4430.93 Safari/537.36',	'Trip Viewed',	'Viewed Trip Listing',	'2021-06-27 23:13:30',	'2021-06-27 23:13:30',	NULL),
(256,	1,	NULL,	'user',	1,	'127.0.0.1',	'Mozilla/5.0 (X11; Linux x86_64) AppleWebKit/537.36 (KHTML, like Gecko) Chrome/90.0.4430.93 Safari/537.36',	'User Management Viewed',	'Viewed User Management Listing',	'2021-06-27 23:13:33',	'2021-06-27 23:13:33',	NULL),
(257,	1,	NULL,	'company',	1,	'127.0.0.1',	'Mozilla/5.0 (X11; Linux x86_64) AppleWebKit/537.36 (KHTML, like Gecko) Chrome/90.0.4430.93 Safari/537.36',	'Company Management Viewed',	'Viewed Company Management Listing',	'2021-06-27 23:13:53',	'2021-06-27 23:13:53',	NULL),
(258,	1,	NULL,	'useraction',	1,	'127.0.0.1',	'Mozilla/5.0 (X11; Linux x86_64) AppleWebKit/537.36 (KHTML, like Gecko) Chrome/90.0.4430.93 Safari/537.36',	'User Action Viewed',	'Viewed User Action Listing',	'2021-06-27 23:14:05',	'2021-06-27 23:14:05',	NULL),
(259,	1,	NULL,	'customer',	1,	'127.0.0.1',	'Mozilla/5.0 (X11; Linux x86_64) AppleWebKit/537.36 (KHTML, like Gecko) Chrome/90.0.4430.93 Safari/537.36',	'Customer Viewed',	'Viewed Customer Listing',	'2021-06-27 23:14:12',	'2021-06-27 23:14:12',	NULL),
(260,	1,	NULL,	'depot',	1,	'127.0.0.1',	'Mozilla/5.0 (X11; Linux x86_64) AppleWebKit/537.36 (KHTML, like Gecko) Chrome/90.0.4430.93 Safari/537.36',	'Depot Viewed',	'Viewed Depot Listing',	'2021-06-28 17:37:48',	'2021-06-28 17:37:48',	NULL),
(261,	1,	NULL,	'local',	1,	'127.0.0.1',	'Mozilla/5.0 (X11; Linux x86_64) AppleWebKit/537.36 (KHTML, like Gecko) Chrome/90.0.4430.93 Safari/537.36',	'Local Viewed',	'Viewed Local Listing',	'2021-06-28 17:38:04',	'2021-06-28 17:38:04',	NULL),
(262,	1,	NULL,	'truck',	1,	'127.0.0.1',	'Mozilla/5.0 (X11; Linux x86_64) AppleWebKit/537.36 (KHTML, like Gecko) Chrome/90.0.4430.93 Safari/537.36',	'Truck Viewed',	'Viewed Truck Listing',	'2021-06-28 17:38:41',	'2021-06-28 17:38:41',	NULL),
(263,	1,	NULL,	'local',	1,	'127.0.0.1',	'Mozilla/5.0 (X11; Linux x86_64) AppleWebKit/537.36 (KHTML, like Gecko) Chrome/90.0.4430.93 Safari/537.36',	'Local Viewed',	'Viewed Local Listing',	'2021-06-29 00:31:36',	'2021-06-29 00:31:36',	NULL),
(264,	1,	NULL,	'move',	1,	'127.0.0.1',	'Mozilla/5.0 (X11; Linux x86_64) AppleWebKit/537.36 (KHTML, like Gecko) Chrome/90.0.4430.93 Safari/537.36',	'Move Viewed',	'Viewed Move Listing',	'2021-07-03 07:33:25',	'2021-07-03 07:33:25',	NULL),
(265,	1,	NULL,	'depot',	1,	'127.0.0.1',	'Mozilla/5.0 (X11; Linux x86_64) AppleWebKit/537.36 (KHTML, like Gecko) Chrome/90.0.4430.93 Safari/537.36',	'Depot Viewed',	'Viewed Depot Listing',	'2021-07-03 07:33:31',	'2021-07-03 07:33:31',	NULL),
(266,	1,	NULL,	'local',	1,	'127.0.0.1',	'Mozilla/5.0 (X11; Linux x86_64) AppleWebKit/537.36 (KHTML, like Gecko) Chrome/90.0.4430.93 Safari/537.36',	'Local Viewed',	'Viewed Local Listing',	'2021-07-03 07:33:34',	'2021-07-03 07:33:34',	NULL),
(267,	1,	NULL,	'move',	1,	'127.0.0.1',	'Mozilla/5.0 (X11; Linux x86_64) AppleWebKit/537.36 (KHTML, like Gecko) Chrome/90.0.4430.93 Safari/537.36',	'Move Viewed',	'Viewed Move Listing',	'2021-08-02 22:23:09',	'2021-08-02 22:23:09',	NULL),
(268,	1,	NULL,	'depot',	1,	'127.0.0.1',	'Mozilla/5.0 (X11; Linux x86_64) AppleWebKit/537.36 (KHTML, like Gecko) Chrome/90.0.4430.93 Safari/537.36',	'Depot Viewed',	'Viewed Depot Listing',	'2021-08-02 22:23:17',	'2021-08-02 22:23:17',	NULL),
(269,	1,	NULL,	'local',	1,	'127.0.0.1',	'Mozilla/5.0 (X11; Linux x86_64) AppleWebKit/537.36 (KHTML, like Gecko) Chrome/90.0.4430.93 Safari/537.36',	'Local Viewed',	'Viewed Local Listing',	'2021-08-02 22:23:19',	'2021-08-02 22:23:19',	NULL),
(270,	1,	NULL,	'truck',	1,	'127.0.0.1',	'Mozilla/5.0 (X11; Linux x86_64) AppleWebKit/537.36 (KHTML, like Gecko) Chrome/90.0.4430.93 Safari/537.36',	'Truck Viewed',	'Viewed Truck Listing',	'2021-08-02 22:23:21',	'2021-08-02 22:23:21',	NULL),
(271,	1,	NULL,	'lane',	1,	'127.0.0.1',	'Mozilla/5.0 (X11; Linux x86_64) AppleWebKit/537.36 (KHTML, like Gecko) Chrome/90.0.4430.93 Safari/537.36',	'Lane Viewed',	'Viewed Lane Listing',	'2021-08-02 22:23:22',	'2021-08-02 22:23:22',	NULL),
(272,	1,	NULL,	'trip',	1,	'127.0.0.1',	'Mozilla/5.0 (X11; Linux x86_64) AppleWebKit/537.36 (KHTML, like Gecko) Chrome/90.0.4430.93 Safari/537.36',	'Trip Viewed',	'Viewed Trip Listing',	'2021-08-02 22:23:23',	'2021-08-02 22:23:23',	NULL),
(273,	1,	NULL,	'user',	1,	'127.0.0.1',	'Mozilla/5.0 (X11; Linux x86_64) AppleWebKit/537.36 (KHTML, like Gecko) Chrome/90.0.4430.93 Safari/537.36',	'User Management Viewed',	'Viewed User Management Listing',	'2021-08-02 22:23:25',	'2021-08-02 22:23:25',	NULL),
(274,	1,	NULL,	'company',	1,	'127.0.0.1',	'Mozilla/5.0 (X11; Linux x86_64) AppleWebKit/537.36 (KHTML, like Gecko) Chrome/90.0.4430.93 Safari/537.36',	'Company Management Viewed',	'Viewed Company Management Listing',	'2021-08-02 22:23:35',	'2021-08-02 22:23:35',	NULL),
(275,	1,	NULL,	'useraction',	1,	'127.0.0.1',	'Mozilla/5.0 (X11; Linux x86_64) AppleWebKit/537.36 (KHTML, like Gecko) Chrome/90.0.4430.93 Safari/537.36',	'User Action Viewed',	'Viewed User Action Listing',	'2021-08-02 22:23:41',	'2021-08-02 22:23:41',	NULL),
(276,	1,	NULL,	'customer',	1,	'127.0.0.1',	'Mozilla/5.0 (X11; Linux x86_64) AppleWebKit/537.36 (KHTML, like Gecko) Chrome/90.0.4430.93 Safari/537.36',	'Customer Viewed',	'Viewed Customer Listing',	'2021-08-02 22:23:44',	'2021-08-02 22:23:44',	NULL),
(277,	1,	NULL,	'truck',	1,	'127.0.0.1',	'Mozilla/5.0 (X11; Linux x86_64) AppleWebKit/537.36 (KHTML, like Gecko) Chrome/90.0.4430.93 Safari/537.36',	'Slmsg.SL001501.TITLE',	'Slmsg.SL001501.MSG',	'2021-08-04 22:09:38',	'2021-08-04 22:09:38',	NULL),
(278,	1,	NULL,	'truck',	1,	'127.0.0.1',	'Mozilla/5.0 (X11; Linux x86_64) AppleWebKit/537.36 (KHTML, like Gecko) Chrome/90.0.4430.93 Safari/537.36',	'Truck Viewed',	'Viewed Truck Listing',	'2021-08-04 22:12:37',	'2021-08-04 22:12:37',	NULL),
(279,	1,	NULL,	'truck',	1,	'127.0.0.1',	'Mozilla/5.0 (X11; Linux x86_64) AppleWebKit/537.36 (KHTML, like Gecko) Chrome/90.0.4430.93 Safari/537.36',	'Truck Viewed',	'Viewed Truck Listing',	'2021-08-04 22:14:58',	'2021-08-04 22:14:58',	NULL),
(280,	1,	NULL,	'truck',	1,	'127.0.0.1',	'Mozilla/5.0 (X11; Linux x86_64) AppleWebKit/537.36 (KHTML, like Gecko) Chrome/90.0.4430.93 Safari/537.36',	'Truck Viewed',	'Viewed Truck Listing',	'2021-08-04 22:17:37',	'2021-08-04 22:17:37',	NULL),
(281,	1,	NULL,	'truck',	1,	'127.0.0.1',	'Mozilla/5.0 (X11; Linux x86_64) AppleWebKit/537.36 (KHTML, like Gecko) Chrome/90.0.4430.93 Safari/537.36',	'Truck Viewed',	'Viewed Truck Listing',	'2021-08-04 22:18:31',	'2021-08-04 22:18:31',	NULL),
(282,	1,	NULL,	'truck',	1,	'127.0.0.1',	'Mozilla/5.0 (X11; Linux x86_64) AppleWebKit/537.36 (KHTML, like Gecko) Chrome/90.0.4430.93 Safari/537.36',	'Truck Viewed',	'Viewed Truck Listing',	'2021-08-04 22:39:49',	'2021-08-04 22:39:49',	NULL),
(283,	1,	NULL,	'truck',	1,	'127.0.0.1',	'Mozilla/5.0 (X11; Linux x86_64) AppleWebKit/537.36 (KHTML, like Gecko) Chrome/90.0.4430.93 Safari/537.36',	'Truck Viewed',	'Viewed Truck Listing',	'2021-08-04 23:27:47',	'2021-08-04 23:27:47',	NULL),
(284,	1,	NULL,	'truck',	1,	'127.0.0.1',	'Mozilla/5.0 (X11; Linux x86_64) AppleWebKit/537.36 (KHTML, like Gecko) Chrome/90.0.4430.93 Safari/537.36',	'Truck Viewed',	'Viewed Truck Listing',	'2021-08-04 23:28:28',	'2021-08-04 23:28:28',	NULL),
(285,	1,	NULL,	'truck',	1,	'127.0.0.1',	'Mozilla/5.0 (X11; Linux x86_64) AppleWebKit/537.36 (KHTML, like Gecko) Chrome/90.0.4430.93 Safari/537.36',	'Truck Viewed',	'Viewed Truck Listing',	'2021-08-04 23:30:40',	'2021-08-04 23:30:40',	NULL),
(286,	1,	NULL,	'truck',	1,	'127.0.0.1',	'Mozilla/5.0 (X11; Linux x86_64) AppleWebKit/537.36 (KHTML, like Gecko) Chrome/90.0.4430.93 Safari/537.36',	'Truck Viewed',	'Viewed Truck Listing',	'2021-08-05 05:15:56',	'2021-08-05 05:15:56',	NULL),
(287,	1,	NULL,	'truck',	1,	'127.0.0.1',	'Mozilla/5.0 (X11; Linux x86_64) AppleWebKit/537.36 (KHTML, like Gecko) Chrome/90.0.4430.93 Safari/537.36',	'Truck Viewed',	'Viewed Truck Listing',	'2021-08-05 05:21:04',	'2021-08-05 05:21:04',	NULL),
(288,	1,	NULL,	'truck',	1,	'127.0.0.1',	'Mozilla/5.0 (X11; Linux x86_64) AppleWebKit/537.36 (KHTML, like Gecko) Chrome/90.0.4430.93 Safari/537.36',	'Truck Viewed',	'Viewed Truck Listing',	'2021-08-05 09:06:54',	'2021-08-05 09:06:54',	NULL),
(289,	1,	NULL,	'truck',	1,	'127.0.0.1',	'Mozilla/5.0 (X11; Linux x86_64) AppleWebKit/537.36 (KHTML, like Gecko) Chrome/90.0.4430.93 Safari/537.36',	'Truck Viewed',	'Viewed Truck Listing',	'2021-08-05 09:06:58',	'2021-08-05 09:06:58',	NULL),
(290,	1,	NULL,	'truck',	1,	'127.0.0.1',	'Mozilla/5.0 (X11; Linux x86_64) AppleWebKit/537.36 (KHTML, like Gecko) Chrome/90.0.4430.93 Safari/537.36',	'Truck Viewed',	'Viewed Truck Listing',	'2021-08-05 09:11:40',	'2021-08-05 09:11:40',	NULL),
(291,	1,	NULL,	'truck',	1,	'127.0.0.1',	'Mozilla/5.0 (X11; Linux x86_64) AppleWebKit/537.36 (KHTML, like Gecko) Chrome/90.0.4430.93 Safari/537.36',	'Truck Viewed',	'Viewed Truck Listing',	'2021-08-07 01:15:11',	'2021-08-07 01:15:11',	NULL),
(292,	1,	NULL,	'truck',	1,	'127.0.0.1',	'Mozilla/5.0 (X11; Linux x86_64) AppleWebKit/537.36 (KHTML, like Gecko) Chrome/90.0.4430.93 Safari/537.36',	'Truck Viewed',	'Viewed Truck Listing',	'2021-08-07 01:18:23',	'2021-08-07 01:18:23',	NULL),
(293,	1,	NULL,	'truck',	1,	'127.0.0.1',	'Mozilla/5.0 (X11; Linux x86_64) AppleWebKit/537.36 (KHTML, like Gecko) Chrome/90.0.4430.93 Safari/537.36',	'Truck Viewed',	'Viewed Truck Listing',	'2021-08-07 01:18:31',	'2021-08-07 01:18:31',	NULL),
(294,	1,	NULL,	'truck',	1,	'127.0.0.1',	'Mozilla/5.0 (X11; Linux x86_64) AppleWebKit/537.36 (KHTML, like Gecko) Chrome/90.0.4430.93 Safari/537.36',	'Truck Viewed',	'Viewed Truck Listing',	'2021-08-07 01:18:38',	'2021-08-07 01:18:38',	NULL),
(295,	1,	NULL,	'truck',	1,	'127.0.0.1',	'Mozilla/5.0 (X11; Linux x86_64) AppleWebKit/537.36 (KHTML, like Gecko) Chrome/90.0.4430.93 Safari/537.36',	'Truck Viewed',	'Viewed Truck Listing',	'2021-08-07 01:19:36',	'2021-08-07 01:19:36',	NULL),
(296,	1,	NULL,	'truck',	1,	'127.0.0.1',	'Mozilla/5.0 (X11; Linux x86_64) AppleWebKit/537.36 (KHTML, like Gecko) Chrome/90.0.4430.93 Safari/537.36',	'Truck Viewed',	'Viewed Truck Listing',	'2021-08-07 01:21:44',	'2021-08-07 01:21:44',	NULL),
(297,	1,	NULL,	'truck',	1,	'127.0.0.1',	'Mozilla/5.0 (X11; Linux x86_64) AppleWebKit/537.36 (KHTML, like Gecko) Chrome/90.0.4430.93 Safari/537.36',	'Truck Viewed',	'Viewed Truck Listing',	'2021-08-07 01:26:09',	'2021-08-07 01:26:09',	NULL),
(298,	1,	NULL,	'truck',	1,	'127.0.0.1',	'Mozilla/5.0 (X11; Linux x86_64) AppleWebKit/537.36 (KHTML, like Gecko) Chrome/90.0.4430.93 Safari/537.36',	'Truck Viewed',	'Viewed Truck Listing',	'2021-08-07 01:26:19',	'2021-08-07 01:26:19',	NULL),
(299,	1,	NULL,	'truck',	1,	'127.0.0.1',	'Mozilla/5.0 (X11; Linux x86_64) AppleWebKit/537.36 (KHTML, like Gecko) Chrome/90.0.4430.93 Safari/537.36',	'Truck Viewed',	'Viewed Truck Listing',	'2021-08-07 01:26:27',	'2021-08-07 01:26:27',	NULL),
(300,	1,	NULL,	'truck',	1,	'127.0.0.1',	'Mozilla/5.0 (X11; Linux x86_64) AppleWebKit/537.36 (KHTML, like Gecko) Chrome/90.0.4430.93 Safari/537.36',	'Truck Viewed',	'Viewed Truck Listing',	'2021-08-07 01:29:37',	'2021-08-07 01:29:37',	NULL),
(301,	1,	NULL,	'truck',	1,	'127.0.0.1',	'Mozilla/5.0 (X11; Linux x86_64) AppleWebKit/537.36 (KHTML, like Gecko) Chrome/90.0.4430.93 Safari/537.36',	'Truck Viewed',	'Viewed Truck Listing',	'2021-08-07 01:30:11',	'2021-08-07 01:30:11',	NULL),
(302,	1,	NULL,	'truck',	1,	'127.0.0.1',	'Mozilla/5.0 (X11; Linux x86_64) AppleWebKit/537.36 (KHTML, like Gecko) Chrome/90.0.4430.93 Safari/537.36',	'Truck Viewed',	'Viewed Truck Listing',	'2021-08-07 01:30:36',	'2021-08-07 01:30:36',	NULL),
(303,	1,	NULL,	'truck',	1,	'127.0.0.1',	'Mozilla/5.0 (X11; Linux x86_64) AppleWebKit/537.36 (KHTML, like Gecko) Chrome/90.0.4430.93 Safari/537.36',	'Truck Viewed',	'Viewed Truck Listing',	'2021-08-07 01:31:01',	'2021-08-07 01:31:01',	NULL),
(304,	1,	NULL,	'truck',	1,	'127.0.0.1',	'Mozilla/5.0 (X11; Linux x86_64) AppleWebKit/537.36 (KHTML, like Gecko) Chrome/90.0.4430.93 Safari/537.36',	'Truck Viewed',	'Viewed Truck Listing',	'2021-08-07 01:31:13',	'2021-08-07 01:31:13',	NULL),
(305,	1,	NULL,	'truck',	1,	'127.0.0.1',	'Mozilla/5.0 (X11; Linux x86_64) AppleWebKit/537.36 (KHTML, like Gecko) Chrome/90.0.4430.93 Safari/537.36',	'Truck Viewed',	'Viewed Truck Listing',	'2021-08-07 01:32:37',	'2021-08-07 01:32:37',	NULL),
(306,	1,	NULL,	'truck',	1,	'127.0.0.1',	'Mozilla/5.0 (X11; Linux x86_64) AppleWebKit/537.36 (KHTML, like Gecko) Chrome/90.0.4430.93 Safari/537.36',	'Truck Viewed',	'Viewed Truck Listing',	'2021-08-07 01:48:21',	'2021-08-07 01:48:21',	NULL),
(307,	1,	NULL,	'truck',	1,	'127.0.0.1',	'Mozilla/5.0 (X11; Linux x86_64) AppleWebKit/537.36 (KHTML, like Gecko) Chrome/90.0.4430.93 Safari/537.36',	'Truck Viewed',	'Viewed Truck Listing',	'2021-08-07 01:49:34',	'2021-08-07 01:49:34',	NULL),
(308,	1,	NULL,	'truck',	1,	'127.0.0.1',	'Mozilla/5.0 (X11; Linux x86_64) AppleWebKit/537.36 (KHTML, like Gecko) Chrome/90.0.4430.93 Safari/537.36',	'Truck Viewed',	'Viewed Truck Listing',	'2021-08-07 01:49:46',	'2021-08-07 01:49:46',	NULL),
(309,	1,	NULL,	'truck',	1,	'127.0.0.1',	'Mozilla/5.0 (X11; Linux x86_64) AppleWebKit/537.36 (KHTML, like Gecko) Chrome/90.0.4430.93 Safari/537.36',	'Truck Viewed',	'Viewed Truck Listing',	'2021-08-07 01:55:14',	'2021-08-07 01:55:14',	NULL),
(310,	1,	NULL,	'truck',	1,	'127.0.0.1',	'Mozilla/5.0 (X11; Linux x86_64) AppleWebKit/537.36 (KHTML, like Gecko) Chrome/90.0.4430.93 Safari/537.36',	'Truck Viewed',	'Viewed Truck Listing',	'2021-08-07 02:00:26',	'2021-08-07 02:00:26',	NULL),
(311,	1,	NULL,	'truck',	1,	'127.0.0.1',	'Mozilla/5.0 (X11; Linux x86_64) AppleWebKit/537.36 (KHTML, like Gecko) Chrome/90.0.4430.93 Safari/537.36',	'Truck Viewed',	'Viewed Truck Listing',	'2021-08-07 02:03:54',	'2021-08-07 02:03:54',	NULL),
(312,	1,	NULL,	'truck',	1,	'127.0.0.1',	'Mozilla/5.0 (X11; Linux x86_64) AppleWebKit/537.36 (KHTML, like Gecko) Chrome/90.0.4430.93 Safari/537.36',	'Truck Viewed',	'Viewed Truck Listing',	'2021-08-07 02:10:45',	'2021-08-07 02:10:45',	NULL),
(313,	1,	NULL,	'truck',	1,	'127.0.0.1',	'Mozilla/5.0 (X11; Linux x86_64) AppleWebKit/537.36 (KHTML, like Gecko) Chrome/90.0.4430.93 Safari/537.36',	'Truck Viewed',	'Viewed Truck Listing',	'2021-08-07 02:12:03',	'2021-08-07 02:12:03',	NULL),
(314,	1,	NULL,	'truck',	1,	'127.0.0.1',	'Mozilla/5.0 (X11; Linux x86_64) AppleWebKit/537.36 (KHTML, like Gecko) Chrome/90.0.4430.93 Safari/537.36',	'Truck Viewed',	'Viewed Truck Listing',	'2021-08-07 02:12:08',	'2021-08-07 02:12:08',	NULL),
(315,	1,	NULL,	'truck',	1,	'127.0.0.1',	'Mozilla/5.0 (X11; Linux x86_64) AppleWebKit/537.36 (KHTML, like Gecko) Chrome/90.0.4430.93 Safari/537.36',	'Truck Viewed',	'Viewed Truck Listing',	'2021-08-07 02:12:21',	'2021-08-07 02:12:21',	NULL),
(316,	1,	NULL,	'truck',	1,	'127.0.0.1',	'Mozilla/5.0 (X11; Linux x86_64) AppleWebKit/537.36 (KHTML, like Gecko) Chrome/90.0.4430.93 Safari/537.36',	'Truck Viewed',	'Viewed Truck Listing',	'2021-08-07 02:14:24',	'2021-08-07 02:14:24',	NULL),
(317,	1,	NULL,	'truck',	1,	'127.0.0.1',	'Mozilla/5.0 (X11; Linux x86_64) AppleWebKit/537.36 (KHTML, like Gecko) Chrome/90.0.4430.93 Safari/537.36',	'Truck Viewed',	'Viewed Truck Listing',	'2021-08-07 02:16:40',	'2021-08-07 02:16:40',	NULL),
(318,	1,	NULL,	'truck',	1,	'127.0.0.1',	'Mozilla/5.0 (X11; Linux x86_64) AppleWebKit/537.36 (KHTML, like Gecko) Chrome/90.0.4430.93 Safari/537.36',	'Truck Viewed',	'Viewed Truck Listing',	'2021-08-07 02:16:59',	'2021-08-07 02:16:59',	NULL),
(319,	1,	NULL,	'truck',	1,	'127.0.0.1',	'Mozilla/5.0 (X11; Linux x86_64) AppleWebKit/537.36 (KHTML, like Gecko) Chrome/90.0.4430.93 Safari/537.36',	'Truck Viewed',	'Viewed Truck Listing',	'2021-08-07 02:17:26',	'2021-08-07 02:17:26',	NULL),
(320,	1,	NULL,	'truck',	1,	'127.0.0.1',	'Mozilla/5.0 (X11; Linux x86_64) AppleWebKit/537.36 (KHTML, like Gecko) Chrome/90.0.4430.93 Safari/537.36',	'Truck Viewed',	'Viewed Truck Listing',	'2021-08-07 02:18:08',	'2021-08-07 02:18:08',	NULL),
(321,	1,	NULL,	'truck',	1,	'127.0.0.1',	'Mozilla/5.0 (X11; Linux x86_64) AppleWebKit/537.36 (KHTML, like Gecko) Chrome/90.0.4430.93 Safari/537.36',	'Truck Viewed',	'Viewed Truck Listing',	'2021-08-07 02:18:16',	'2021-08-07 02:18:16',	NULL),
(322,	1,	NULL,	'truck',	1,	'127.0.0.1',	'Mozilla/5.0 (X11; Linux x86_64) AppleWebKit/537.36 (KHTML, like Gecko) Chrome/90.0.4430.93 Safari/537.36',	'Truck Viewed',	'Viewed Truck Listing',	'2021-08-07 02:22:35',	'2021-08-07 02:22:35',	NULL),
(323,	1,	NULL,	'truck',	1,	'127.0.0.1',	'Mozilla/5.0 (X11; Linux x86_64) AppleWebKit/537.36 (KHTML, like Gecko) Chrome/90.0.4430.93 Safari/537.36',	'Truck Viewed',	'Viewed Truck Listing',	'2021-08-07 02:22:49',	'2021-08-07 02:22:49',	NULL),
(324,	1,	NULL,	'truck',	1,	'127.0.0.1',	'Mozilla/5.0 (X11; Linux x86_64) AppleWebKit/537.36 (KHTML, like Gecko) Chrome/90.0.4430.93 Safari/537.36',	'Truck Viewed',	'Viewed Truck Listing',	'2021-08-07 02:23:07',	'2021-08-07 02:23:07',	NULL),
(325,	1,	NULL,	'truck',	1,	'127.0.0.1',	'Mozilla/5.0 (X11; Linux x86_64) AppleWebKit/537.36 (KHTML, like Gecko) Chrome/90.0.4430.93 Safari/537.36',	'Truck Viewed',	'Viewed Truck Listing',	'2021-08-07 02:26:01',	'2021-08-07 02:26:01',	NULL),
(326,	1,	NULL,	'truck',	1,	'127.0.0.1',	'Mozilla/5.0 (X11; Linux x86_64) AppleWebKit/537.36 (KHTML, like Gecko) Chrome/90.0.4430.93 Safari/537.36',	'Truck Viewed',	'Viewed Truck Listing',	'2021-08-07 02:26:32',	'2021-08-07 02:26:32',	NULL),
(327,	1,	NULL,	'truck',	1,	'127.0.0.1',	'Mozilla/5.0 (X11; Linux x86_64) AppleWebKit/537.36 (KHTML, like Gecko) Chrome/90.0.4430.93 Safari/537.36',	'Truck Viewed',	'Viewed Truck Listing',	'2021-08-07 02:28:28',	'2021-08-07 02:28:28',	NULL),
(328,	1,	1,	'truck',	1,	'127.0.0.1',	'Mozilla/5.0 (X11; Linux x86_64) AppleWebKit/537.36 (KHTML, like Gecko) Chrome/90.0.4430.93 Safari/537.36',	'Truck Viewed',	'Truck <a href=\"/truck/1\" target=\"_blank\">Truck 1</a> has been viewed',	'2021-08-07 02:29:39',	'2021-08-07 02:29:39',	NULL),
(329,	1,	2,	'truck',	1,	'127.0.0.1',	'Mozilla/5.0 (X11; Linux x86_64) AppleWebKit/537.36 (KHTML, like Gecko) Chrome/90.0.4430.93 Safari/537.36',	'Truck Viewed',	'Truck <a href=\"/truck/2\" target=\"_blank\">Truck 2</a> has been viewed',	'2021-08-07 02:29:40',	'2021-08-07 02:29:40',	NULL),
(330,	1,	6,	'truck',	1,	'127.0.0.1',	'Mozilla/5.0 (X11; Linux x86_64) AppleWebKit/537.36 (KHTML, like Gecko) Chrome/90.0.4430.93 Safari/537.36',	'Truck Viewed',	'Truck <a href=\"/truck/6\" target=\"_blank\">Truck 6</a> has been viewed',	'2021-08-07 02:29:44',	'2021-08-07 02:29:44',	NULL),
(331,	1,	NULL,	'truck',	1,	'127.0.0.1',	'Mozilla/5.0 (X11; Linux x86_64) AppleWebKit/537.36 (KHTML, like Gecko) Chrome/90.0.4430.93 Safari/537.36',	'Truck Viewed',	'Viewed Truck Listing',	'2021-08-07 02:30:06',	'2021-08-07 02:30:06',	NULL),
(332,	1,	NULL,	'truck',	1,	'127.0.0.1',	'Mozilla/5.0 (X11; Linux x86_64) AppleWebKit/537.36 (KHTML, like Gecko) Chrome/90.0.4430.93 Safari/537.36',	'Truck Viewed',	'Viewed Truck Listing',	'2021-08-07 02:41:40',	'2021-08-07 02:41:40',	NULL),
(333,	1,	NULL,	'truck',	1,	'127.0.0.1',	'Mozilla/5.0 (X11; Linux x86_64) AppleWebKit/537.36 (KHTML, like Gecko) Chrome/90.0.4430.93 Safari/537.36',	'Truck Viewed',	'Viewed Truck Listing',	'2021-08-07 02:42:22',	'2021-08-07 02:42:22',	NULL),
(334,	1,	NULL,	'truck',	1,	'127.0.0.1',	'Mozilla/5.0 (X11; Linux x86_64) AppleWebKit/537.36 (KHTML, like Gecko) Chrome/90.0.4430.93 Safari/537.36',	'Truck Viewed',	'Viewed Truck Listing',	'2021-08-07 02:42:53',	'2021-08-07 02:42:53',	NULL),
(335,	1,	NULL,	'truck',	1,	'127.0.0.1',	'Mozilla/5.0 (X11; Linux x86_64) AppleWebKit/537.36 (KHTML, like Gecko) Chrome/90.0.4430.93 Safari/537.36',	'Truck Viewed',	'Viewed Truck Listing',	'2021-08-07 02:43:04',	'2021-08-07 02:43:04',	NULL),
(336,	1,	6,	'truck',	1,	'127.0.0.1',	'Mozilla/5.0 (X11; Linux x86_64) AppleWebKit/537.36 (KHTML, like Gecko) Chrome/90.0.4430.93 Safari/537.36',	'Truck Viewed',	'Truck <a href=\"/truck/6\" target=\"_blank\">Truck 6</a> has been viewed',	'2021-08-07 02:43:06',	'2021-08-07 02:43:06',	NULL),
(337,	1,	NULL,	'truck',	1,	'127.0.0.1',	'Mozilla/5.0 (X11; Linux x86_64) AppleWebKit/537.36 (KHTML, like Gecko) Chrome/90.0.4430.93 Safari/537.36',	'Truck Viewed',	'Viewed Truck Listing',	'2021-08-07 02:51:23',	'2021-08-07 02:51:23',	NULL),
(338,	1,	NULL,	'truck',	1,	'127.0.0.1',	'Mozilla/5.0 (X11; Linux x86_64) AppleWebKit/537.36 (KHTML, like Gecko) Chrome/90.0.4430.93 Safari/537.36',	'Truck Viewed',	'Viewed Truck Listing',	'2021-08-07 02:56:49',	'2021-08-07 02:56:49',	NULL),
(339,	1,	NULL,	'truck',	1,	'127.0.0.1',	'Mozilla/5.0 (X11; Linux x86_64) AppleWebKit/537.36 (KHTML, like Gecko) Chrome/90.0.4430.93 Safari/537.36',	'Truck Viewed',	'Viewed Truck Listing',	'2021-08-07 02:57:11',	'2021-08-07 02:57:11',	NULL),
(340,	1,	NULL,	'truck',	1,	'127.0.0.1',	'Mozilla/5.0 (X11; Linux x86_64) AppleWebKit/537.36 (KHTML, like Gecko) Chrome/90.0.4430.93 Safari/537.36',	'Truck Viewed',	'Viewed Truck Listing',	'2021-08-07 02:58:24',	'2021-08-07 02:58:24',	NULL),
(341,	1,	6,	'truck',	1,	'127.0.0.1',	'Mozilla/5.0 (X11; Linux x86_64) AppleWebKit/537.36 (KHTML, like Gecko) Chrome/90.0.4430.93 Safari/537.36',	'Truck Viewed',	'Truck <a href=\"/truck/6\" target=\"_blank\">Truck 6</a> has been viewed',	'2021-08-07 02:58:28',	'2021-08-07 02:58:28',	NULL),
(342,	1,	NULL,	'truck',	1,	'127.0.0.1',	'Mozilla/5.0 (X11; Linux x86_64) AppleWebKit/537.36 (KHTML, like Gecko) Chrome/90.0.4430.93 Safari/537.36',	'Truck Viewed',	'Viewed Truck Listing',	'2021-08-07 03:01:25',	'2021-08-07 03:01:25',	NULL),
(343,	1,	NULL,	'truck',	1,	'127.0.0.1',	'Mozilla/5.0 (X11; Linux x86_64) AppleWebKit/537.36 (KHTML, like Gecko) Chrome/90.0.4430.93 Safari/537.36',	'Truck Viewed',	'Viewed Truck Listing',	'2021-08-07 03:03:50',	'2021-08-07 03:03:50',	NULL),
(344,	1,	NULL,	'truck',	1,	'127.0.0.1',	'Mozilla/5.0 (X11; Linux x86_64) AppleWebKit/537.36 (KHTML, like Gecko) Chrome/90.0.4430.93 Safari/537.36',	'Truck Viewed',	'Viewed Truck Listing',	'2021-08-07 03:04:00',	'2021-08-07 03:04:00',	NULL),
(345,	1,	NULL,	'truck',	1,	'127.0.0.1',	'Mozilla/5.0 (X11; Linux x86_64) AppleWebKit/537.36 (KHTML, like Gecko) Chrome/90.0.4430.93 Safari/537.36',	'Truck Viewed',	'Viewed Truck Listing',	'2021-08-07 03:04:12',	'2021-08-07 03:04:12',	NULL),
(346,	1,	6,	'truck',	1,	'127.0.0.1',	'Mozilla/5.0 (X11; Linux x86_64) AppleWebKit/537.36 (KHTML, like Gecko) Chrome/90.0.4430.93 Safari/537.36',	'Truck Deleted',	'Truck with name \"Truck 6\" has been deleted',	'2021-08-07 03:04:17',	'2021-08-07 03:04:17',	NULL),
(347,	1,	NULL,	'truck',	1,	'127.0.0.1',	'Mozilla/5.0 (X11; Linux x86_64) AppleWebKit/537.36 (KHTML, like Gecko) Chrome/90.0.4430.93 Safari/537.36',	'Truck Viewed',	'Viewed Truck Listing',	'2021-08-07 03:04:17',	'2021-08-07 03:04:17',	NULL),
(348,	1,	NULL,	'truck',	1,	'127.0.0.1',	'Mozilla/5.0 (X11; Linux x86_64) AppleWebKit/537.36 (KHTML, like Gecko) Chrome/90.0.4430.93 Safari/537.36',	'Truck Viewed',	'Viewed Truck Listing',	'2021-08-07 03:21:20',	'2021-08-07 03:21:20',	NULL),
(349,	1,	5,	'truck',	1,	'127.0.0.1',	'Mozilla/5.0 (X11; Linux x86_64) AppleWebKit/537.36 (KHTML, like Gecko) Chrome/90.0.4430.93 Safari/537.36',	'Truck Deleted',	'Truck with name \"Truck 5\" has been deleted',	'2021-08-07 03:21:28',	'2021-08-07 03:21:28',	NULL),
(350,	1,	NULL,	'truck',	1,	'127.0.0.1',	'Mozilla/5.0 (X11; Linux x86_64) AppleWebKit/537.36 (KHTML, like Gecko) Chrome/90.0.4430.93 Safari/537.36',	'Truck Viewed',	'Viewed Truck Listing',	'2021-08-07 03:21:28',	'2021-08-07 03:21:28',	NULL),
(351,	1,	NULL,	'truck',	1,	'127.0.0.1',	'Mozilla/5.0 (X11; Linux x86_64) AppleWebKit/537.36 (KHTML, like Gecko) Chrome/90.0.4430.93 Safari/537.36',	'Truck Viewed',	'Viewed Truck Listing',	'2021-08-07 03:23:23',	'2021-08-07 03:23:23',	NULL),
(352,	1,	4,	'truck',	1,	'127.0.0.1',	'Mozilla/5.0 (X11; Linux x86_64) AppleWebKit/537.36 (KHTML, like Gecko) Chrome/90.0.4430.93 Safari/537.36',	'Truck Deleted',	'Truck with name \"Truck 4\" has been deleted',	'2021-08-07 03:23:27',	'2021-08-07 03:23:27',	NULL),
(353,	1,	NULL,	'truck',	1,	'127.0.0.1',	'Mozilla/5.0 (X11; Linux x86_64) AppleWebKit/537.36 (KHTML, like Gecko) Chrome/90.0.4430.93 Safari/537.36',	'Truck Viewed',	'Viewed Truck Listing',	'2021-08-07 03:23:27',	'2021-08-07 03:23:27',	NULL),
(354,	1,	NULL,	'truck',	1,	'127.0.0.1',	'Mozilla/5.0 (X11; Linux x86_64) AppleWebKit/537.36 (KHTML, like Gecko) Chrome/90.0.4430.93 Safari/537.36',	'Truck Viewed',	'Viewed Truck Listing',	'2021-08-07 03:58:08',	'2021-08-07 03:58:08',	NULL),
(355,	1,	NULL,	'truck',	1,	'127.0.0.1',	'Mozilla/5.0 (X11; Linux x86_64) AppleWebKit/537.36 (KHTML, like Gecko) Chrome/90.0.4430.93 Safari/537.36',	'Truck Viewed',	'Viewed Truck Listing',	'2021-08-07 03:58:23',	'2021-08-07 03:58:23',	NULL),
(356,	1,	NULL,	'truck',	1,	'127.0.0.1',	'Mozilla/5.0 (X11; Linux x86_64) AppleWebKit/537.36 (KHTML, like Gecko) Chrome/90.0.4430.93 Safari/537.36',	'Truck Viewed',	'Viewed Truck Listing',	'2021-08-07 03:59:34',	'2021-08-07 03:59:34',	NULL),
(357,	1,	3,	'truck',	1,	'127.0.0.1',	'Mozilla/5.0 (X11; Linux x86_64) AppleWebKit/537.36 (KHTML, like Gecko) Chrome/90.0.4430.93 Safari/537.36',	'Truck Viewed',	'Truck <a href=\"/truck/3\" target=\"_blank\">Truck 3</a> has been viewed',	'2021-08-07 04:10:02',	'2021-08-07 04:10:02',	NULL),
(358,	1,	NULL,	'truck',	1,	'127.0.0.1',	'Mozilla/5.0 (X11; Linux x86_64) AppleWebKit/537.36 (KHTML, like Gecko) Chrome/90.0.4430.93 Safari/537.36',	'Truck Viewed',	'Viewed Truck Listing',	'2021-08-08 22:27:52',	'2021-08-08 22:27:52',	NULL),
(359,	1,	3,	'truck',	1,	'127.0.0.1',	'Mozilla/5.0 (X11; Linux x86_64) AppleWebKit/537.36 (KHTML, like Gecko) Chrome/90.0.4430.93 Safari/537.36',	'Truck Viewed',	'Truck <a href=\"/truck/3\" target=\"_blank\">Truck 3</a> has been viewed',	'2021-08-08 22:28:01',	'2021-08-08 22:28:01',	NULL),
(360,	1,	3,	'truck',	1,	'127.0.0.1',	'Mozilla/5.0 (X11; Linux x86_64) AppleWebKit/537.36 (KHTML, like Gecko) Chrome/90.0.4430.93 Safari/537.36',	'Truck Viewed',	'Truck <a href=\"/truck/3\" target=\"_blank\">Truck 3</a> has been viewed',	'2021-08-08 22:45:05',	'2021-08-08 22:45:05',	NULL),
(361,	1,	3,	'truck',	1,	'127.0.0.1',	'Mozilla/5.0 (X11; Linux x86_64) AppleWebKit/537.36 (KHTML, like Gecko) Chrome/90.0.4430.93 Safari/537.36',	'Truck Viewed',	'Truck <a href=\"/truck/3\" target=\"_blank\">Truck 3</a> has been viewed',	'2021-08-08 22:46:06',	'2021-08-08 22:46:06',	NULL),
(362,	1,	3,	'truck',	1,	'127.0.0.1',	'Mozilla/5.0 (X11; Linux x86_64) AppleWebKit/537.36 (KHTML, like Gecko) Chrome/90.0.4430.93 Safari/537.36',	'Truck Viewed',	'Truck <a href=\"/truck/3\" target=\"_blank\">Truck 3</a> has been viewed',	'2021-08-08 22:47:43',	'2021-08-08 22:47:43',	NULL),
(363,	1,	3,	'truck',	1,	'127.0.0.1',	'Mozilla/5.0 (X11; Linux x86_64) AppleWebKit/537.36 (KHTML, like Gecko) Chrome/90.0.4430.93 Safari/537.36',	'Truck Viewed',	'Truck <a href=\"/truck/3\" target=\"_blank\">Truck 3</a> has been viewed',	'2021-08-08 22:48:31',	'2021-08-08 22:48:31',	NULL),
(364,	1,	NULL,	'truck',	1,	'127.0.0.1',	'Mozilla/5.0 (X11; Linux x86_64) AppleWebKit/537.36 (KHTML, like Gecko) Chrome/90.0.4430.93 Safari/537.36',	'Truck Viewed',	'Viewed Truck Listing',	'2021-08-08 22:49:04',	'2021-08-08 22:49:04',	NULL),
(365,	1,	2,	'truck',	1,	'127.0.0.1',	'Mozilla/5.0 (X11; Linux x86_64) AppleWebKit/537.36 (KHTML, like Gecko) Chrome/90.0.4430.93 Safari/537.36',	'Truck Viewed',	'Truck <a href=\"/truck/2\" target=\"_blank\">Truck 2</a> has been viewed',	'2021-08-08 22:49:11',	'2021-08-08 22:49:11',	NULL),
(366,	1,	2,	'truck',	1,	'127.0.0.1',	'Mozilla/5.0 (X11; Linux x86_64) AppleWebKit/537.36 (KHTML, like Gecko) Chrome/90.0.4430.93 Safari/537.36',	'Truck Viewed',	'Truck <a href=\"/truck/2\" target=\"_blank\">Truck 2</a> has been viewed',	'2021-08-08 22:50:39',	'2021-08-08 22:50:39',	NULL),
(367,	1,	NULL,	'truck',	1,	'127.0.0.1',	'Mozilla/5.0 (X11; Linux x86_64) AppleWebKit/537.36 (KHTML, like Gecko) Chrome/90.0.4430.93 Safari/537.36',	'Truck Viewed',	'Viewed Truck Listing',	'2021-08-08 22:52:03',	'2021-08-08 22:52:03',	NULL),
(368,	1,	3,	'truck',	1,	'127.0.0.1',	'Mozilla/5.0 (X11; Linux x86_64) AppleWebKit/537.36 (KHTML, like Gecko) Chrome/90.0.4430.93 Safari/537.36',	'Truck Updated',	'Truck <a href=\"/truck/3/edit\" target=\"_blank\">Truck 3</a> has been updated',	'2021-08-08 23:38:55',	'2021-08-08 23:38:55',	NULL),
(369,	1,	NULL,	'truck',	1,	'127.0.0.1',	'Mozilla/5.0 (X11; Linux x86_64) AppleWebKit/537.36 (KHTML, like Gecko) Chrome/90.0.4430.93 Safari/537.36',	'Truck Viewed',	'Viewed Truck Listing',	'2021-08-08 23:38:55',	'2021-08-08 23:38:55',	NULL),
(370,	1,	3,	'truck',	1,	'127.0.0.1',	'Mozilla/5.0 (X11; Linux x86_64) AppleWebKit/537.36 (KHTML, like Gecko) Chrome/90.0.4430.93 Safari/537.36',	'Truck Updated',	'Truck <a href=\"/truck/3/edit\" target=\"_blank\">Truck 3</a> has been updated',	'2021-08-08 23:42:05',	'2021-08-08 23:42:05',	NULL),
(371,	1,	NULL,	'truck',	1,	'127.0.0.1',	'Mozilla/5.0 (X11; Linux x86_64) AppleWebKit/537.36 (KHTML, like Gecko) Chrome/90.0.4430.93 Safari/537.36',	'Truck Viewed',	'Viewed Truck Listing',	'2021-08-08 23:42:06',	'2021-08-08 23:42:06',	NULL),
(372,	1,	3,	'truck',	1,	'127.0.0.1',	'Mozilla/5.0 (X11; Linux x86_64) AppleWebKit/537.36 (KHTML, like Gecko) Chrome/90.0.4430.93 Safari/537.36',	'Truck Viewed',	'Truck <a href=\"/truck/3\" target=\"_blank\">Truck 3</a> has been viewed',	'2021-08-09 07:32:19',	'2021-08-09 07:32:19',	NULL),
(373,	1,	3,	'truck',	1,	'127.0.0.1',	'Mozilla/5.0 (X11; Linux x86_64) AppleWebKit/537.36 (KHTML, like Gecko) Chrome/90.0.4430.93 Safari/537.36',	'Truck Updated',	'Truck <a href=\"/truck/3/edit\" target=\"_blank\">Truck 3333</a> has been updated',	'2021-08-09 11:24:09',	'2021-08-09 11:24:09',	NULL),
(374,	1,	NULL,	'truck',	1,	'127.0.0.1',	'Mozilla/5.0 (X11; Linux x86_64) AppleWebKit/537.36 (KHTML, like Gecko) Chrome/90.0.4430.93 Safari/537.36',	'Truck Viewed',	'Viewed Truck Listing',	'2021-08-09 11:24:09',	'2021-08-09 11:24:09',	NULL),
(375,	1,	3,	'truck',	1,	'127.0.0.1',	'Mozilla/5.0 (X11; Linux x86_64) AppleWebKit/537.36 (KHTML, like Gecko) Chrome/90.0.4430.93 Safari/537.36',	'Truck Viewed',	'Truck <a href=\"/truck/3\" target=\"_blank\">Truck 3333</a> has been viewed',	'2021-08-09 11:24:43',	'2021-08-09 11:24:43',	NULL),
(376,	1,	NULL,	'truck',	1,	'127.0.0.1',	'Mozilla/5.0 (X11; Linux x86_64) AppleWebKit/537.36 (KHTML, like Gecko) Chrome/90.0.4430.93 Safari/537.36',	'Truck Viewed',	'Viewed Truck Listing',	'2021-08-09 11:24:47',	'2021-08-09 11:24:47',	NULL),
(377,	1,	NULL,	'truck',	1,	'127.0.0.1',	'Mozilla/5.0 (X11; Linux x86_64) AppleWebKit/537.36 (KHTML, like Gecko) Chrome/90.0.4430.93 Safari/537.36',	'Truck Viewed',	'Viewed Truck Listing',	'2021-08-09 11:24:58',	'2021-08-09 11:24:58',	NULL),
(378,	1,	3,	'truck',	1,	'127.0.0.1',	'Mozilla/5.0 (X11; Linux x86_64) AppleWebKit/537.36 (KHTML, like Gecko) Chrome/90.0.4430.93 Safari/537.36',	'Truck Viewed',	'Truck <a href=\"/truck/3\" target=\"_blank\">Truck 3333</a> has been viewed',	'2021-08-09 11:25:02',	'2021-08-09 11:25:02',	NULL),
(379,	1,	NULL,	'truck',	1,	'127.0.0.1',	'Mozilla/5.0 (X11; Linux x86_64) AppleWebKit/537.36 (KHTML, like Gecko) Chrome/90.0.4430.93 Safari/537.36',	'Truck Viewed',	'Viewed Truck Listing',	'2021-08-09 11:25:16',	'2021-08-09 11:25:16',	NULL),
(380,	1,	3,	'truck',	1,	'127.0.0.1',	'Mozilla/5.0 (X11; Linux x86_64) AppleWebKit/537.36 (KHTML, like Gecko) Chrome/90.0.4430.93 Safari/537.36',	'Truck Updated',	'Truck <a href=\"/truck/3/edit\" target=\"_blank\">Truck 3333</a> has been updated',	'2021-08-09 11:26:52',	'2021-08-09 11:26:52',	NULL),
(381,	1,	NULL,	'truck',	1,	'127.0.0.1',	'Mozilla/5.0 (X11; Linux x86_64) AppleWebKit/537.36 (KHTML, like Gecko) Chrome/90.0.4430.93 Safari/537.36',	'Truck Viewed',	'Viewed Truck Listing',	'2021-08-09 11:26:52',	'2021-08-09 11:26:52',	NULL),
(382,	1,	3,	'truck',	1,	'127.0.0.1',	'Mozilla/5.0 (X11; Linux x86_64) AppleWebKit/537.36 (KHTML, like Gecko) Chrome/90.0.4430.93 Safari/537.36',	'Truck Viewed',	'Truck <a href=\"/truck/3\" target=\"_blank\">Truck 3333</a> has been viewed',	'2021-08-09 11:26:59',	'2021-08-09 11:26:59',	NULL),
(383,	1,	NULL,	'truck',	1,	'127.0.0.1',	'Mozilla/5.0 (X11; Linux x86_64) AppleWebKit/537.36 (KHTML, like Gecko) Chrome/90.0.4430.93 Safari/537.36',	'Truck Viewed',	'Viewed Truck Listing',	'2021-08-09 11:27:02',	'2021-08-09 11:27:02',	NULL),
(384,	1,	3,	'truck',	1,	'127.0.0.1',	'Mozilla/5.0 (X11; Linux x86_64) AppleWebKit/537.36 (KHTML, like Gecko) Chrome/90.0.4430.93 Safari/537.36',	'Truck Deleted',	'Truck with name \"Truck 3333\" has been deleted',	'2021-08-09 11:27:21',	'2021-08-09 11:27:21',	NULL),
(385,	1,	NULL,	'truck',	1,	'127.0.0.1',	'Mozilla/5.0 (X11; Linux x86_64) AppleWebKit/537.36 (KHTML, like Gecko) Chrome/90.0.4430.93 Safari/537.36',	'Truck Viewed',	'Viewed Truck Listing',	'2021-08-09 11:27:22',	'2021-08-09 11:27:22',	NULL),
(386,	1,	NULL,	'truck',	1,	'127.0.0.1',	'Mozilla/5.0 (X11; Linux x86_64) AppleWebKit/537.36 (KHTML, like Gecko) Chrome/90.0.4430.93 Safari/537.36',	'Truck Viewed',	'Viewed Truck Listing',	'2021-08-09 11:28:01',	'2021-08-09 11:28:01',	NULL),
(387,	1,	NULL,	'truck',	1,	'127.0.0.1',	'Mozilla/5.0 (X11; Linux x86_64) AppleWebKit/537.36 (KHTML, like Gecko) Chrome/90.0.4430.93 Safari/537.36',	'Truck Viewed',	'Viewed Truck Listing',	'2021-08-09 11:31:08',	'2021-08-09 11:31:08',	NULL),
(388,	1,	NULL,	'truck',	1,	'127.0.0.1',	'Mozilla/5.0 (X11; Linux x86_64) AppleWebKit/537.36 (KHTML, like Gecko) Chrome/90.0.4430.93 Safari/537.36',	'Truck Viewed',	'Viewed Truck Listing',	'2021-08-09 11:32:04',	'2021-08-09 11:32:04',	NULL),
(389,	1,	NULL,	'truck',	1,	'127.0.0.1',	'Mozilla/5.0 (X11; Linux x86_64) AppleWebKit/537.36 (KHTML, like Gecko) Chrome/90.0.4430.93 Safari/537.36',	'Truck Viewed',	'Viewed Truck Listing',	'2021-08-09 11:32:43',	'2021-08-09 11:32:43',	NULL),
(390,	1,	NULL,	'truck',	1,	'127.0.0.1',	'Mozilla/5.0 (X11; Linux x86_64) AppleWebKit/537.36 (KHTML, like Gecko) Chrome/90.0.4430.93 Safari/537.36',	'Truck Viewed',	'Viewed Truck Listing',	'2021-08-09 11:33:29',	'2021-08-09 11:33:29',	NULL),
(391,	1,	NULL,	'truck',	1,	'127.0.0.1',	'Mozilla/5.0 (X11; Linux x86_64) AppleWebKit/537.36 (KHTML, like Gecko) Chrome/90.0.4430.93 Safari/537.36',	'Truck Viewed',	'Viewed Truck Listing',	'2021-08-09 11:38:39',	'2021-08-09 11:38:39',	NULL),
(392,	1,	NULL,	'truck',	1,	'127.0.0.1',	'Mozilla/5.0 (X11; Linux x86_64) AppleWebKit/537.36 (KHTML, like Gecko) Chrome/90.0.4430.93 Safari/537.36',	'Truck Viewed',	'Viewed Truck Listing',	'2021-08-09 12:11:13',	'2021-08-09 12:11:13',	NULL),
(393,	1,	NULL,	'truck',	1,	'127.0.0.1',	'Mozilla/5.0 (X11; Linux x86_64) AppleWebKit/537.36 (KHTML, like Gecko) Chrome/90.0.4430.93 Safari/537.36',	'Truck Viewed',	'Viewed Truck Listing',	'2021-08-09 12:13:00',	'2021-08-09 12:13:00',	NULL),
(394,	1,	7,	'truck',	1,	'127.0.0.1',	'Mozilla/5.0 (X11; Linux x86_64) AppleWebKit/537.36 (KHTML, like Gecko) Chrome/90.0.4430.93 Safari/537.36',	'Truck created',	'Truck <a href=\"/truck/7/edit\" target=\"_blank\">Test </a> has been created',	'2021-08-09 12:13:44',	'2021-08-09 12:13:44',	NULL),
(395,	1,	NULL,	'truck',	1,	'127.0.0.1',	'Mozilla/5.0 (X11; Linux x86_64) AppleWebKit/537.36 (KHTML, like Gecko) Chrome/90.0.4430.93 Safari/537.36',	'Truck Viewed',	'Viewed Truck Listing',	'2021-08-09 12:13:44',	'2021-08-09 12:13:44',	NULL),
(396,	1,	NULL,	'truck',	1,	'127.0.0.1',	'Mozilla/5.0 (X11; Linux x86_64) AppleWebKit/537.36 (KHTML, like Gecko) Chrome/90.0.4430.93 Safari/537.36',	'Truck Viewed',	'Viewed Truck Listing',	'2021-08-09 21:58:30',	'2021-08-09 21:58:30',	NULL),
(397,	1,	NULL,	'truck',	1,	'127.0.0.1',	'Mozilla/5.0 (X11; Linux x86_64) AppleWebKit/537.36 (KHTML, like Gecko) Chrome/90.0.4430.93 Safari/537.36',	'Truck Viewed',	'Viewed Truck Listing',	'2021-08-09 22:03:17',	'2021-08-09 22:03:17',	NULL),
(398,	1,	NULL,	'truck',	1,	'127.0.0.1',	'Mozilla/5.0 (X11; Linux x86_64) AppleWebKit/537.36 (KHTML, like Gecko) Chrome/90.0.4430.93 Safari/537.36',	'Truck Viewed',	'Viewed Truck Listing',	'2021-08-09 22:03:32',	'2021-08-09 22:03:32',	NULL),
(399,	1,	NULL,	'truck',	1,	'127.0.0.1',	'Mozilla/5.0 (X11; Linux x86_64) AppleWebKit/537.36 (KHTML, like Gecko) Chrome/90.0.4430.93 Safari/537.36',	'Truck Viewed',	'Viewed Truck Listing',	'2021-08-09 22:07:08',	'2021-08-09 22:07:08',	NULL),
(400,	1,	NULL,	'truck',	1,	'127.0.0.1',	'Mozilla/5.0 (X11; Linux x86_64) AppleWebKit/537.36 (KHTML, like Gecko) Chrome/90.0.4430.93 Safari/537.36',	'Truck Viewed',	'Viewed Truck Listing',	'2021-08-09 22:07:18',	'2021-08-09 22:07:18',	NULL),
(401,	1,	NULL,	'truck',	1,	'127.0.0.1',	'Mozilla/5.0 (X11; Linux x86_64) AppleWebKit/537.36 (KHTML, like Gecko) Chrome/90.0.4430.93 Safari/537.36',	'Truck Viewed',	'Viewed Truck Listing',	'2021-08-09 22:07:49',	'2021-08-09 22:07:49',	NULL),
(402,	1,	NULL,	'truck',	1,	'127.0.0.1',	'Mozilla/5.0 (X11; Linux x86_64) AppleWebKit/537.36 (KHTML, like Gecko) Chrome/90.0.4430.93 Safari/537.36',	'Truck Viewed',	'Viewed Truck Listing',	'2021-08-09 22:22:10',	'2021-08-09 22:22:10',	NULL),
(403,	1,	NULL,	'truck',	1,	'127.0.0.1',	'Mozilla/5.0 (X11; Linux x86_64) AppleWebKit/537.36 (KHTML, like Gecko) Chrome/90.0.4430.93 Safari/537.36',	'Truck Viewed',	'Viewed Truck Listing',	'2021-08-09 22:23:32',	'2021-08-09 22:23:32',	NULL),
(404,	1,	NULL,	'truck',	1,	'127.0.0.1',	'Mozilla/5.0 (X11; Linux x86_64) AppleWebKit/537.36 (KHTML, like Gecko) Chrome/90.0.4430.93 Safari/537.36',	'Truck Viewed',	'Viewed Truck Listing',	'2021-08-09 22:24:25',	'2021-08-09 22:24:25',	NULL),
(405,	1,	NULL,	'truck',	1,	'127.0.0.1',	'Mozilla/5.0 (X11; Linux x86_64) AppleWebKit/537.36 (KHTML, like Gecko) Chrome/90.0.4430.93 Safari/537.36',	'Truck Viewed',	'Viewed Truck Listing',	'2021-08-09 22:24:30',	'2021-08-09 22:24:30',	NULL),
(406,	1,	NULL,	'truck',	1,	'127.0.0.1',	'Mozilla/5.0 (X11; Linux x86_64) AppleWebKit/537.36 (KHTML, like Gecko) Chrome/90.0.4430.93 Safari/537.36',	'Truck Viewed',	'Viewed Truck Listing',	'2021-08-09 22:26:14',	'2021-08-09 22:26:14',	NULL),
(407,	1,	NULL,	'truck',	1,	'127.0.0.1',	'Mozilla/5.0 (X11; Linux x86_64) AppleWebKit/537.36 (KHTML, like Gecko) Chrome/90.0.4430.93 Safari/537.36',	'Truck Viewed',	'Viewed Truck Listing',	'2021-08-09 22:26:17',	'2021-08-09 22:26:17',	NULL),
(408,	1,	NULL,	'truck',	1,	'127.0.0.1',	'Mozilla/5.0 (X11; Linux x86_64) AppleWebKit/537.36 (KHTML, like Gecko) Chrome/90.0.4430.93 Safari/537.36',	'Truck Viewed',	'Viewed Truck Listing',	'2021-08-09 22:26:25',	'2021-08-09 22:26:25',	NULL),
(409,	1,	NULL,	'truck',	1,	'127.0.0.1',	'Mozilla/5.0 (X11; Linux x86_64) AppleWebKit/537.36 (KHTML, like Gecko) Chrome/90.0.4430.93 Safari/537.36',	'Truck Viewed',	'Viewed Truck Listing',	'2021-08-09 22:28:23',	'2021-08-09 22:28:23',	NULL),
(410,	1,	2,	'truck',	1,	'127.0.0.1',	'Mozilla/5.0 (X11; Linux x86_64) AppleWebKit/537.36 (KHTML, like Gecko) Chrome/90.0.4430.93 Safari/537.36',	'Truck Viewed',	'Truck <a href=\"/truck/2\" target=\"_blank\">Truck 2</a> has been viewed',	'2021-08-09 22:28:29',	'2021-08-09 22:28:29',	NULL),
(411,	1,	2,	'truck',	1,	'127.0.0.1',	'Mozilla/5.0 (X11; Linux x86_64) AppleWebKit/537.36 (KHTML, like Gecko) Chrome/90.0.4430.93 Safari/537.36',	'Truck Viewed',	'Truck <a href=\"/truck/2\" target=\"_blank\">Truck 2</a> has been viewed',	'2021-08-09 22:28:45',	'2021-08-09 22:28:45',	NULL),
(412,	1,	2,	'truck',	1,	'127.0.0.1',	'Mozilla/5.0 (X11; Linux x86_64) AppleWebKit/537.36 (KHTML, like Gecko) Chrome/90.0.4430.93 Safari/537.36',	'Truck Viewed',	'Truck <a href=\"/truck/2\" target=\"_blank\">Truck 2</a> has been viewed',	'2021-08-09 22:28:55',	'2021-08-09 22:28:55',	NULL),
(413,	1,	NULL,	'truck',	1,	'127.0.0.1',	'Mozilla/5.0 (X11; Linux x86_64) AppleWebKit/537.36 (KHTML, like Gecko) Chrome/90.0.4430.93 Safari/537.36',	'Truck Viewed',	'Viewed Truck Listing',	'2021-08-09 22:29:03',	'2021-08-09 22:29:03',	NULL),
(414,	1,	NULL,	'truck',	1,	'127.0.0.1',	'Mozilla/5.0 (X11; Linux x86_64) AppleWebKit/537.36 (KHTML, like Gecko) Chrome/90.0.4430.93 Safari/537.36',	'Truck Viewed',	'Viewed Truck Listing',	'2021-08-09 22:30:21',	'2021-08-09 22:30:21',	NULL),
(415,	1,	NULL,	'truck',	1,	'127.0.0.1',	'Mozilla/5.0 (X11; Linux x86_64) AppleWebKit/537.36 (KHTML, like Gecko) Chrome/90.0.4430.93 Safari/537.36',	'Truck Viewed',	'Viewed Truck Listing',	'2021-08-09 22:31:12',	'2021-08-09 22:31:12',	NULL),
(416,	1,	NULL,	'truck',	1,	'127.0.0.1',	'Mozilla/5.0 (X11; Linux x86_64) AppleWebKit/537.36 (KHTML, like Gecko) Chrome/90.0.4430.93 Safari/537.36',	'Truck Viewed',	'Viewed Truck Listing',	'2021-08-09 22:32:02',	'2021-08-09 22:32:02',	NULL),
(417,	1,	NULL,	'truck',	1,	'127.0.0.1',	'Mozilla/5.0 (X11; Linux x86_64) AppleWebKit/537.36 (KHTML, like Gecko) Chrome/90.0.4430.93 Safari/537.36',	'Truck Viewed',	'Viewed Truck Listing',	'2021-08-09 22:35:11',	'2021-08-09 22:35:11',	NULL),
(418,	1,	NULL,	'truck',	1,	'127.0.0.1',	'Mozilla/5.0 (X11; Linux x86_64) AppleWebKit/537.36 (KHTML, like Gecko) Chrome/90.0.4430.93 Safari/537.36',	'Truck Viewed',	'Viewed Truck Listing',	'2021-08-09 22:38:40',	'2021-08-09 22:38:40',	NULL),
(419,	1,	NULL,	'truck',	1,	'127.0.0.1',	'Mozilla/5.0 (X11; Linux x86_64) AppleWebKit/537.36 (KHTML, like Gecko) Chrome/90.0.4430.93 Safari/537.36',	'Truck Viewed',	'Viewed Truck Listing',	'2021-08-09 22:38:54',	'2021-08-09 22:38:54',	NULL),
(420,	1,	NULL,	'truck',	1,	'127.0.0.1',	'Mozilla/5.0 (X11; Linux x86_64) AppleWebKit/537.36 (KHTML, like Gecko) Chrome/90.0.4430.93 Safari/537.36',	'Truck Viewed',	'Viewed Truck Listing',	'2021-08-09 22:39:06',	'2021-08-09 22:39:06',	NULL),
(421,	1,	NULL,	'truck',	1,	'127.0.0.1',	'Mozilla/5.0 (X11; Linux x86_64) AppleWebKit/537.36 (KHTML, like Gecko) Chrome/90.0.4430.93 Safari/537.36',	'Truck Viewed',	'Viewed Truck Listing',	'2021-08-09 22:52:29',	'2021-08-09 22:52:29',	NULL);

DROP TABLE IF EXISTS `user_notifications`;
CREATE TABLE `user_notifications` (
  `id` bigint unsigned NOT NULL AUTO_INCREMENT,
  `notification_id` bigint unsigned DEFAULT NULL,
  `user_id` bigint unsigned DEFAULT NULL,
  `is_read` tinyint NOT NULL DEFAULT '1',
  `created_at` timestamp NULL DEFAULT NULL,
  `updated_at` timestamp NULL DEFAULT NULL,
  PRIMARY KEY (`id`)
) ENGINE=InnoDB DEFAULT CHARSET=utf8mb4 COLLATE=utf8mb4_unicode_ci;

INSERT INTO `user_notifications` (`id`, `notification_id`, `user_id`, `is_read`, `created_at`, `updated_at`) VALUES
(1,	1,	2,	0,	'2020-08-06 01:58:16',	'2020-08-06 01:58:16'),
(2,	2,	2,	0,	'2020-08-06 01:58:35',	'2020-08-06 01:58:35'),
(3,	3,	2,	0,	'2020-08-06 02:00:28',	'2020-08-06 02:00:28'),
(4,	4,	2,	0,	'2020-08-06 02:01:09',	'2020-08-06 02:01:09'),
(5,	5,	2,	0,	'2020-08-06 02:03:58',	'2020-08-06 02:03:58'),
(6,	6,	2,	1,	'2020-08-06 07:37:54',	'2020-08-06 07:37:54'),
(7,	7,	2,	1,	'2020-08-13 22:06:47',	'2020-08-13 22:06:47'),
(8,	8,	2,	1,	'2020-08-14 00:14:15',	'2020-08-14 00:14:15'),
(9,	9,	2,	1,	'2020-08-14 00:28:21',	'2020-08-14 00:28:21'),
(10,	10,	2,	1,	'2020-10-21 11:25:10',	'2020-10-21 11:25:10'),
(11,	11,	2,	1,	'2021-01-12 11:21:22',	'2021-01-12 11:21:22'),
(12,	12,	2,	1,	'2021-02-15 13:25:05',	'2021-02-15 13:25:05'),
(13,	13,	2,	1,	'2021-04-07 05:16:54',	'2021-04-07 05:16:54'),
(14,	14,	2,	1,	'2021-05-20 06:19:49',	'2021-05-20 06:19:49'),
(15,	15,	2,	1,	'2021-06-27 22:33:54',	'2021-06-27 22:33:54'),
(16,	16,	2,	1,	'2021-06-27 23:09:19',	'2021-06-27 23:09:19'),
(17,	17,	2,	1,	'2021-08-02 01:59:41',	'2021-08-02 01:59:41');

DROP TABLE IF EXISTS `users`;
CREATE TABLE `users` (
  `id` bigint unsigned NOT NULL AUTO_INCREMENT,
  `name` varchar(191) CHARACTER SET utf8mb4 COLLATE utf8mb4_unicode_ci NOT NULL,
  `email` varchar(191) CHARACTER SET utf8mb4 COLLATE utf8mb4_unicode_ci NOT NULL,
  `email_verified_at` timestamp NULL DEFAULT NULL,
  `password` varchar(191) CHARACTER SET utf8mb4 COLLATE utf8mb4_unicode_ci NOT NULL,
  `access_level` tinyint NOT NULL,
  `role_id` bigint unsigned DEFAULT NULL,
  `company_id` bigint unsigned DEFAULT NULL,
  `avatar` varchar(191) CHARACTER SET utf8mb4 COLLATE utf8mb4_unicode_ci DEFAULT NULL,
  `viewed_scheduler` tinyint NOT NULL DEFAULT '0',
  `remember_token` varchar(100) CHARACTER SET utf8mb4 COLLATE utf8mb4_unicode_ci DEFAULT NULL,
  `created_at` timestamp NULL DEFAULT NULL,
  `updated_at` timestamp NULL DEFAULT NULL,
  `deleted_at` timestamp NULL DEFAULT NULL,
  PRIMARY KEY (`id`),
  UNIQUE KEY `users_email_unique` (`email`)
) ENGINE=InnoDB DEFAULT CHARSET=utf8mb4 COLLATE=utf8mb4_unicode_ci;

INSERT INTO `users` (`id`, `name`, `email`, `email_verified_at`, `password`, `access_level`, `role_id`, `company_id`, `avatar`, `viewed_scheduler`, `remember_token`, `created_at`, `updated_at`, `deleted_at`) VALUES
(1,	'Marcel Koelpin',	'admin@biggle.com',	'2020-08-06 00:44:38',	'$2y$10$92IXUNpkjO0rOQ5byMi.Ye4oKoEa3Ro9llC/.og/at2.uheWG/igi',	0,	1,	NULL,	NULL,	1,	'HVNooelgNFQCGeOsagJLszeajmUaZTy2NKnBLZDNFdhYtPa0Y0PnJNAJ9vCL',	'2020-08-06 00:44:38',	'2020-08-28 04:37:16',	NULL),
(2,	'Mr. Gene Koelpin MD',	'company@biggle.com',	'2020-08-06 00:44:38',	'$2y$10$92IXUNpkjO0rOQ5byMi.Ye4oKoEa3Ro9llC/.og/at2.uheWG/igi',	1,	1,	1,	NULL,	1,	'LnJndWpxA0Nk3HcQufhDrpgrsLCjcG0O713V1IcF2IaSsLXEqtKQSMDCyzVE',	'2020-08-06 00:44:38',	'2020-08-06 03:13:05',	NULL),
(3,	'Coralie Little',	'qdeckow@example.net',	'2020-08-06 00:44:41',	'$2y$10$92IXUNpkjO0rOQ5byMi.Ye4oKoEa3Ro9llC/.og/at2.uheWG/igi',	0,	2,	NULL,	NULL,	0,	'2M8MJsBtqt',	'2020-08-06 00:44:41',	'2020-08-06 00:44:41',	NULL);

-- 2021-08-10 05:18:00
